song_id,basename,title,artist,diffLv,eamuse_id
10,puty,PUT YOUR FAITH IN ME,UZI-LAY,3 5 6 9 13 0 6 8 8 13,DQlQ1DlPbq900oqdOo8l0d6I1lIOl99l
11,bril,BRILLIANT 2U,NAOKI,3 6 6 10 10 0 6 7 9 10,DblIbDd6lQQQoO9bloOI9iIqO1IiQoID
12,puty2,PUT YOUR FAITH IN ME (Jazzy Groove),UZI-LAY,2 6 7 9 11 0 7 8 11 11,IQqOIb6ob8bIbOII66ID0oIQDPl6bdbb
13,bril2,BRILLIANT 2U(Orchestra Groove),NAOKI,4 7 8 9 12 0 6 8 9 12,DbPodlqiOQdD88bo8lPO9D6iql1DO8P0
14,make,MAKE IT BETTER,mitsu-O!,3 7 9 11 14 0 7 9 11 14,8Il6980di8P89lil1PDIqqIbiq1QO8lQ
15,make2,MAKE IT BETTER (So-REAL Mix),mitsu-O!SUMMER,2 7 8 10 12 0 7 9 11 12,9qP16D6l11i9P1lQ0b1DIqoOqqiIQDl9
25,star,AM-3P,KTz,3 7 8 11 13 0 8 9 10 13,dq190Il9iO1bD698ll6ddObIlqdIQ1O9
26,trip,TRIP MACHINE,DE-SIRE,3 8 9 10 0 0 9 10 10 0,Pb9II0oiI9ODQ8OP8IqIPQP9P68biqIi
27,para,PARANOiA,180,4 8 9 11 0 0 8 13 11 0,06loOQ0DQb0DqbOibl6qO81qlIdoP9DI
28,sptr,SP-TRIP MACHINE～JUNGLE MIX～,DE-SIRE,4 8 9 10 0 0 8 9 10 0,1P9qQdiiodODqQPl0OO88iiiqdoDIPO6
29,para2,PARANOiA MAX～DIRTY MIX～,190,5 9 10 12 0 0 10 12 11 0,Pl0dPid9lQDo6PDQDqPboPqO6iIDIqoo
41,ajam,MAKE A JAM!,U1,2 5 7 9 0 0 6 8 11 0,6IPiID10iO699bOQlODd1PQ0liDi9i1I
42,clea,PARANOiA KCET ～clean mix～,2MB,4 8 9 11 15 0 8 10 10 15,9doPbId8qid9I9l6ooloPQD1lq1Plb6I
43,luvm,TRIP MACHINE～luv mix～,2MB,3 9 10 12 15 0 9 10 11 15,qQ9Oo611P0dObD8q6O0Q968bbl8I91OO
44,this,LOVE THIS FEELIN',Chang ma,4 9 10 11 17 0 10 11 12 17,i8II16blIIbQQd196b616OPbPO910oi9
45,thin,think ya better D,sAmi,3 5 6 9 14 0 6 7 10 14,9lob1d1QPd9qiPlQOQ6l0dbodOoDPq1d
46,keep,KEEP ON MOVIN',N.M.R,4 5 7 9 0 0 5 9 10 0,0lDDIlQ91lq6O16q9QQ681d6Db1l0oOb
58,emot,e-motion,e.o.s,2 5 6 8 12 0 6 8 11 12,8liDbidQoI6Q01lO9iibIdboIiDl66Qo
84,geno,GENOM SCREAMS,L.E.D.LIGHT,3 7 8 11 0 0 9 11 12 0,Dq0Iio09Pb9iD0lbb0I0qd8Q8i10II09
124,afro,AFRONOVA,RE-VENGE,5 7 9 13 17 0 8 9 13 17,Pd99DQo0bD9D9oIbPIId18P6l8qlDQO6
126,dyna,DYNAMITE RAVE,NAOKI,3 6 10 12 12 0 7 8 11 12,1QIPID18qib8D9Oo9lOo8I6DPi9qiod6
127,dead,DEAD END,N & S,4 7 10 12 0 0 8 9 13 0,P98dl8qdoilqbPqIO86ood601o1696D8
128,lase,La Señorita,CAPTAIN.T,4 7 8 10 14 0 5 9 13 16,901q61iP6lPiDqIQoQod9PDqlOPq1bb9
129,sile,Silent Hill,THOMAS HOWARD,3 4 9 10 13 0 5 7 11 12,80bQi8IQ8o1iidqd6oQiDPQoPi909olq
130,rebi,PARANOiA Rebirth,190',4 8 10 13 0 0 9 11 13 0,0lDP0P06PIPl1iiIDOb919iqo1oPdlP8
133,dgra,GRADIUSIC CYBER ～AMD G5 MIX～,BIG-O feat. TAKA,3 8 10 13 0 0 9 11 13 0,q6qI6llb69D1IQq0OiP8OD06Qioob91Q
137,afte,AFTER THE GAME OF LOVE,NPD3,2 3 6 8 12 0 5 6 8 12,Qo9P1oOoDQIoOb8Dd0PdOdoD1D1Pbd8D
138,cuti,CUTIE CHASER,CLUB SPICE,3 5 7 10 0 0 5 7 10 0,di9ddbd1lb80q98ODdod0ODQ0q6PdQP1
139,theb,DROP THE BOMB,Scotty D.,3 5 7 10 0 0 6 8 10 0,8O0D9P6l9P9ooQdODioDIdQPq6DiDlbl
140,virt,La Señorita Virtual,2MB,4 8 10 12 0 0 9 10 12 0,boP0i08bqQ9d9OoP8Ol6I0l9Po01DiQb
141,amcs,AM-3P -303 BASS MIX-,KTz(remixed by U1),4 4 9 10 0 0 5 8 10 0,dQ1oPoQqD0db8O19P1P0D1oq8I68i1Id
154,drop,DROP OUT,NW260,4 8 10 13 16 0 6 9 13 17,Q0OiPQQ8IbIDq08IO9Io0qDdoDPPdd1q
155,stop,CAN'T STOP FALLIN' IN LOVE,NAOKI,3 5 7 11 0 0 5 7 12 0,ioi6db99oOPPDd1db888D6oi6bb06o0P
156,wild,WILD RUSH,FACTOR-X,5 6 7 10 14 0 5 9 11 15,01808Q1Q6lQQ1lP0qd80I0b0qqDd1OOP
158,sprs,SUPER STAR,D.J.RICH feat. TAILBROS.,3 7 8 12 0 0 5 9 11 0,88do8dl8O6Ql1Qlb981lOi8D86oiq91P
159,hyst,HYSTERIA,NAOKI 190,5 7 8 11 14 0 4 8 10 15,8l808Do60DP0qDbD066QQqP1qOQdob90
160,pevo,PARANOIA EVOLUTION,200,5 9 10 12 18 0 7 10 13 18,DPQo8Q0l9D8IPiDiq11l8OI6i11OOb6O
182,baby,BABY BABY GIMME YOUR LOVE,DIVAS,2 3 4 7 12 0 3 5 8 13,P8P1dlqi9D111iIDPOP0l9DIO1l6lqO9
183,clim,TRIP MACHINE CLIMAX,DE-SIRE,5 7 9 12 0 0 7 9 12 0,D81D8689llDiOqPq0IP19bbQQiioPl8d
184,burn,BURNIN' THE FLOOR,NAOKI,3 5 8 10 13 0 5 7 10 13,ii6Oooool0IoOqi1qdDo96QIil6IoOq0
185,gher,HIGHER,NM feat. SUNNY,3 4 7 9 12 0 4 7 10 12,O1blDPOQ8IQb00o0D89QIDIlo8b06liD
186,naha,ORION.78(AMeuro-MIX),RE-VENGE,3 4 7 12 14 0 5 8 9 14,1d10660Dd0IOibDI890Ild80q6ddoQO8
187,bfor,B4U,NAOKI,3 5 7 10 0 0 5 8 10 0,6Qq1q91q8iIPlI89qDq96bO8QDD0qOql
188,agai,LOVE AGAIN TONIGHT～For Melissa MIX～,NAOKI feat. PAULA TERRY,4 5 8 11 0 0 5 7 10 0,boOdPIqbDd8li0O0IqliPo1Doq99Ob09
190,summ,MY SUMMER LOVE,MITSU-O! with GEILA,3 4 9 12 0 0 5 8 11 0,6Ddo196olOPi9IQdbQ8Qbd8do8Q1obOD
195,lead,LEADING CYBER,dj TAKA,3 8 9 13 0 0 7 10 13 0,8lDOiqP0biD8dD9lOQO619i1PqbqDiP8
196,teng,0.59,dj TAKA,3 5 8 11 0 0 5 8 10 0,IQ0dIiDql9Q68d9ddQIiQbq1OPq8Db69
197,olic,Holic,TaQ,4 7 9 11 15 0 7 8 11 15,ODq019O9o1OPdq9PiPl0o8D8DQ8bid88
198,eran,era (nostalmix),TaQ,4 5 8 11 0 0 5 7 11 0,D81Pq66DQPiQdliqIPl0ioPOi9OlQoQ9
201,onts,Don't Stop!～AMD 2nd MIX～,Dr.VIBE feat. JP Miles,3 5 6 10 0 0 4 5 8 0,1q6obddbql8lQdPI19liD6PdQ0dPIODd
213,orio,ORION.78～civilization mix～,2MB,4 9 12 13 0 0 9 11 13 0,61ido0DPl8q0dI1i011Do1b6669dPIlo
221,nite,CELEBRATE NITE,N.M.R,3 6 8 11 0 0 7 8 10 0,i0bdP6II6dqb6lbQQ9q9OQq68i1qPddO
222,sexy,SEXY PLANET,Crystal Aliens,3 7 8 11 13 0 5 7 10 13,60QoP9DoIo90D616989Q0D0iodOoOd91
233,feal,Healing Vision,DE-SIRE,4 5 7 11 0 0 4 8 13 0,qIDI69oIo8OlQqdqqDilI1do6IbP16Q6
234,stil,STILL IN MY HEART,NAOKI,3 6 8 10 0 0 6 7 9 0,Qb90bo6I0Pd9181iIoOPoqPOOOQq6dQ1
235,ecst,ECSTASY,d-complex,4 5 8 10 13 0 6 8 11 13,bPD6ObloQPOOiQb1DbQDdilodiddlIlb
236,abso,ABSOLUTE,dj TAKA,3 4 8 11 0 0 4 7 11 0,qdi88l6bo1Iqi9Qiqli8lIQQIPO1doQ9
237,brok,BROKEN MY HEART,NAOKI feat. PAULA TERRY,3 5 7 12 14 0 5 9 12 15,iIP09bOq1l1b9b1l011IDIQ6Iill90Io
238,dxyy,DXY!,TaQ,5 6 9 12 0 0 7 9 12 0,QDP0i688bQi1Idqil1dOqDdPdoIPP6Q0
243,elec,Electro Tuned ( the SubS Mix ),TaQ,4 6 9 12 0 0 5 9 11 0,IPi69l86oqdDd8qoll61166D8969869I
244,peta,PARANOiA ETERNAL,STM 200,4 8 10 13 0 0 9 11 13 0,PP1q0iii1D6Dq9QOd0qqDOQD0160QoPD
257,abys,Abyss,dj TAKA,3 5 7 10 0 0 6 8 11 0,Q0qQO0P8818lIoo0boO66O0qd09dIlO8
258,sana,サナ・モレッテ・ネ・エンテ,Togo Project feat. Sana,3 4 9 12 0 0 5 9 12 0,doIiQl6oDPP6i9qobqoobblPQqPiI9bD
267,pafr,AFRONOVA PRIMEVAL,8 bit,4 7 9 12 0 0 8 9 13 0,18911Q6o6do9Dd1blIo6IliPd0PPb99i
269,inse,INSERTiON,NAOKI underground,4 6 9 13 0 0 5 9 12 0,6oldqOoilo1OoP6P9OoO8bdD9lI86qdQ
270,lcan,CAN'T STOP FALLIN' IN LOVE ～SPEED MIX～,NAOKI,4 6 9 12 0 0 5 9 12 0,DOqPd1Iid6oObd8i96I9oo8obbODb96o
297,lett,Let the beat hit em!(CLASSIC R&B STYLE),Stone Bros.,3 6 7 10 0 0 6 7 10 0,bP69QdDQ0QQ9dP0dDio0dO61i9Dbdl00
299,heal,Healing Vision ～Angelic mix～,2MB,5 7 11 13 16 0 8 10 14 16,olQQ8QPPqqObDD9ooodOl9i9od8b06I9
325,maxx,MAX 300,Ω,5 9 12 15 0 0 9 12 15 0,6P18lOliIQqIO6Di0PP8iDlDQ01b0o0q
332,exot,exotic ethnic,RevenG,4 5 8 13 15 0 5 9 13 15,iOPbIi1b99819b9QiD8QbdPbq0DqO0DO
333,cand,CANDY☆,Luv UNLIMITED,4 6 7 11 16 0 5 8 11 16,OPbqldiq0dQIo1011086IOl1qbOloOl9
336,soin,SO IN LOVE,Caramel.S,3 4 7 9 0 0 4 7 9 0,D06P88iOlIdbbQ1Qd8OOI11dQoq0iOqd
342,drte,D2R,NAOKI,3 4 7 11 15 0 4 8 11 15,iQo0QOoI6bOPQlbb9ldOo9lbdD1idiOO
343,esti,DESTINY,NAOKI feat. PAULA TERRY,3 3 7 10 0 0 3 8 11 0,98q8616ddDIqdo1dbqbO0Po96oldo1Oo
346,swee,Sweet Sweet ♥ Magic,jun,4 5 9 13 0 0 5 8 11 0,8809ol0qbbd6919bbl0b8id1669PqQ08
354,secr,Secret Rendez-vous,DIVAS,3 4 7 12 0 0 4 8 12 0,Db9D6Old6lIo01q0qlQ0dD1oDdbdob8I
356,rain,rain of sorrow,NM feat. EBONY FAY,3 3 9 12 0 0 5 7 12 0,Qo9l6l6lq0q618bQOb8d6qiooiiPQqoI
357,unli,MAXX UNLIMITED,Z,5 10 13 16 0 0 7 12 15 0,lObPDQDI08DoodDq1061IP1qbQ1qQQbl
358,toth,DIVE TO THE NIGHT,小坂りゆ,3 4 8 11 0 0 5 9 12 0,8Pb6oPdbO6lo8lbiQ181IDidI9ll8q80
359,tsug,TSUGARU,RevenG vs DE-SIRE,3 5 9 12 0 0 6 9 13 0,io688qld6Pqq6bI01q86illP18biq0bd
360,roll,BRE∀K DOWN！,BeForU,3 5 8 12 15 0 5 8 13 16,bqQ1OQDidQD8QbIqql06O6o1QD6oOodP
361,opti,BURNING HEAT！（3 Option MIX）,Mr.T with Motoaki. F,3 4 8 13 15 0 4 7 12 16,i86qD6Pl61dPI0Q9db1P8bl1ii99q1lD
364,ifee,i feel ...,AKIRA YAMAOKA,3 4 8 12 0 0 3 8 12 0,DddIPd6iId8Doqq8OibDlD1dOi8PO8o9
365,andy,CANDY♡,小坂りゆ,4 5 7 10 0 0 4 7 10 0,1Qqo9bID18OdiI1Qb0lP9DIqIO6ldPOP
371,kaku,革命,dj TAKA with NAOKI,3 5 9 12 11 0 4 8 11 11,l9lq19DdiD8qQPoPOlboi1qQii0IQI86
372,afro3,AFRONOVA(FROM NONSTOP MEGAMIX),RE-VENGE,0 0 0 0 10 0 0 0 0 10,DdO1iboqI6980Q6QPD9P1PbQQ88I16lq
373,star3,AM-3P(AM EAST mix),KTz,0 0 0 0 10 0 0 0 0 11,808dq8OIq16PP19i1bP0IDP1OqPOlo6q
374,bril3,BRILLIANT 2U(K.O.G G3 MIX),NAOKI,0 0 0 0 10 0 0 0 0 9,i18OPo6l8Q6bo9q0qP6889IDqoP8O0Qq
375,bfor3,B4U(B4 ZA BEAT MIX),NAOKI,0 0 0 0 10 0 0 0 0 10,POIDil00didIo98D10loIObibPOob88O
376,drop3,DROP OUT(FROM NONSTOP MEGAMIX),NW260,0 0 0 0 12 0 0 0 0 13,d0P01d9q8oOd8OP1bQPoqlq96906PqPD
378,hyst3,HYSTERIA 2001,NM,0 0 0 0 10 0 0 0 0 11,lPloI86odlIbIo96P169b9I0Ob8lD189
380,sexy3,SEXY PLANET(FROM NONSTOP MEGAMIX),Crystal Aliens,0 0 0 0 10 0 0 0 0 9,O06Id8PIDbDblO109ddi1dldd0bqDdQ1
381,sprs3,SUPER STAR(FROM NONSTOP MEGAMIX),D.J.RICH feat. TAILBROS.,0 0 0 0 10 0 0 0 0 11,0qQ1odlooiQO99DDP6bD9bOq89669PQb
382,stil3,STILL IN MY HEART(MOMO MIX),NAOKI,0 0 0 0 11 0 0 0 0 12,DOOb99dlP8PdIbDOQIqoqll60Iob9189
383,wild3,WILD RUSH(FROM NONSTOP MEGAMIX),FACTOR-X,0 0 0 0 9 0 0 0 0 10,ibOQ0QOdIPdIbIo0oPoDDI1DqPId00li
384,burn3,BURNIN' THE FLOOR(BLUE FIRE mix),NAOKI,0 0 0 0 10 0 0 0 0 10,QdbPPPDlIQiI191qPdblO01O8P8o6D68
385,tsug3,TSUGARU (APPLE MIX),RevenG vs DE-SIRE,0 0 0 0 11 0 0 0 0 11,1qDD1DdPlId69010IQ18I6q8Q00IoI6D
386,ecst3,ECSTASY (midnight blue mix),d-complex,0 0 0 0 11 0 0 0 0 11,Dd6lP00DPqIb0d6iqOdlO08l69l6q1di
387,sile3,Silent Hill (3rd christmas mix),THOMAS HOWARD,0 0 0 0 10 0 0 0 0 11,oio6bqP08PPoP9qIq1oi9Dib9PIq9l11
388,nite3,CELEBRATE NITE(EURO TRANCE STYLE),N.M.R,0 0 0 0 11 0 0 0 0 10,O6q1o06Po9lQbqOl08Io1obqQ9QPi09b
