song_id,basename,title,artist,diffLv,eamuse_id
38317,myth,Mythomane,Hylen,3 6 10 13 0 0 6 10 13 0,lbD8DodiOiP8D61lidIi88DIiPqi8o6P
38318,hybo,Hyper Bomb,Yunosuke,3 7 11 15 0 0 6 11 15 0,Di8lP6PobQ6l8do0llO9IIqQ6iqqiqDo
38319,hnbn,Hunny Bunny,U1 overground,2 6 10 15 0 0 6 10 15 0,q8i11qPbo9iq8lQb9d08di81Q88q8P9o
38320,ilov,I Love You,O/iviA,4 8 13 16 0 0 8 12 16 0,1900DdoIl00b88q6Qq9ob9D6lQ8IQiPb
38321,rege,Re:GENERATION,TAG feat. ERi,3 6 11 15 0 0 6 11 15 0,ODdoiODodb0ddIP06IqDQdl100q0dIP6
38322,dokv,どきドキ バレンタイン,ひまわり＊パンチ,3 6 9 12 0 0 6 9 12 0,Dlq6qdP1bOPDObbbQQ6b8iPbd1ODq69P
38324,stma,STEP MACHINE,Paisley Parks,3 7 11 14 0 0 7 12 14 0,d6OoI6oOd1l99DIoodI9lIDI0bidDP00
38325,inpa,In the past,PSYQUI,4 7 12 16 0 0 7 12 16 0,8oP1ibbO9qdP19d9lQoi1q16P69b1II9
38326,hypd,HYPERDRIVE,Moe Shop,3 6 9 12 0 0 6 9 12 0,ID00liOPPd6PiDb09608dQbOIDlQ68qo
38331,flan,最終鬼畜妹フランドール・Ｓ,ビートまりお(COOL&CREATE),4 9 13 16 0 0 9 13 16 0,i0P1O6lbP1oDd6q6b08iPPoq6iPdI818
38332,nofn2,ナイト・オブ・ナイツ (Ryu☆Remix),Ryu☆,5 8 13 16 0 0 8 13 16 0,IlbI1QQOPI0o0IdoPI6QPldqQob16DOq
38333,pani,PARTY ALL NIGHT(DJ KEN-BOW MIX),HiBiKi,3 6 9 13 0 0 6 9 13 0,bIio1d6QOPlqlDOqoIQoPIbIbb0iQIil
38334,raac,Rave Accelerator,M-Project,4 8 12 16 0 0 8 12 16 0,DodQ1I1DiPIqDQP0PqO6PIQ1iPQd6O8d
38335,lisp,Lightspeed,Tanukichi,4 8 12 16 18 0 8 13 16 18,bqi9QiQ0lbi8id6lOi88iIi9lo6Pdd90
38336,tahi,take me higher,KOTONOHOUSE,3 5 10 13 0 0 5 10 13 0,0088dOQPiD0Qb0Dl8ol09D98IOllI1id
38337,mida,Midnight Amaretto,かめりあ,3 6 10 14 0 0 6 10 14 0,ll0O8PlqQd0iOO8ib61lO6iDiliQdiPP
38338,dran,DANCERUSH STARDOM ANTHEM,kors k feat.福島蘭世,2 5 8 11 0 0 5 8 11 0,9PoQqIP0D6lPIq9obl1db9IqD0D09i80
38339,cbme,Come Back To Me,MK&Kanae Asaba,3 7 11 14 16 0 7 11 14 16,O8oPP6D8OQq1Q6Q860dqlOi6609bO1lD
38340,lasc,Last Card,kors k,4 8 12 15 0 0 8 12 15 0,891iilD9Pq1lPQd6diqiP0dd611dOPPl
38341,gohy,Going Hypersonic,Mameyudoufu,4 7 12 15 17 0 7 12 15 17,6Obi001oi9Qd1966dOd6d6Qo66dbbill
38342,iwtd,I Want To Do This Keep,KOTONOHOUSE,3 7 12 15 0 0 7 12 15 0,dIbPlPdo09i8oOlOQ1OOq166Q8iP8Oqi
38343,guil,GUILTY DIAMONDS,SOUND HOLIC Vs. Eurobeat Union feat. Nana Takahashi,3 7 10 14 0 0 7 10 14 0,QbdQold98oq9lODoIloIbPiIqld6i0Qb
38344,nolq,No Life Queen [DJ Command Remix],SOUND HOLIC Vs. Eurobeat Union feat. Nana Takahashi,3 7 11 14 0 0 7 11 14 0,I9P1dbOqD1qIP8bd9O80Ooo869bldobD
38345,feid,Feidie,A-One  feat.Napoleon,2 6 8 10 0 0 6 8 10 0,DDPPI6IIi0i9looibDbiODoOPOl6ID8i
38346,tgmw,Together Going My Way,DiGiTAL WiNG with 空音,2 5 9 13 0 0 5 9 13 0,POdll6oPi1dd68q19q8ID6iQ6d08bl99
38347,crho,Crazy Hot,NJK Record feat.nachi,3 6 10 13 0 0 6 10 13 0,dq6b0b6OD9DbDPQOO608oDo8Q80ODIqO
38348,shij,至上のラトゥーリア,Vanitas Lacrimosa,3 6 9 12 0 0 6 10 12 0,qlPqO10q6PliDQDbd01IP0b6iqO0bDb6
38349,otog,御伽噺に幕切れを,夜叉姫神楽,4 7 10 13 0 0 7 10 13 0,I606oqOODOdQoP0IQOdP6b0DPdb86ddO
38350,room,ROOM,Blanc Bunny Bandit,2 5 8 11 0 0 5 8 11 0,ODd6QDIIdi6ild0O8lqIdl0oiQ98669l
38351,saka,逆さま♥シンデレラパレード,メリー・バッド・メルヘン,2 7 10 13 0 0 6 10 13 0,llo89P08I1PlID9DO8lqdbbq69O8Qiib
38352,biii,び,立秋 feat.ちょこ,5 9 12 17 18 0 9 12 17 18,QD9Ib18D9lIO10O19d16PbPb68q1190d
38353,sill,Silly Love,DÉ DÉ MOUSE,4 7 11 14 0 0 7 11 14 0,Q8bIddo10ilqbd6I8QOq1bod1OO8dqlO
38354,hosi,星屑の夜果て,"BEMANI Sound Team ""HuΣeR × MarL × SYUNN""",4 8 12 15 0 0 8 12 15 0,IDP9ldQoD8bdQ6d9Q0oI6QlI9b6Db9Oo
38355,losp,ラブキラ☆スプラッシュ,"BEMANI Sound Team ""Sota F."" feat.いちか",2 6 10 14 0 0 6 10 14 0,loii6b8OODDOl9q0OD88Ibb9I0qO0PPo
38356,spsm,Sparkle Smilin',"BEMANI Sound Team ""Qrispy Joybox"" feat.いちか",3 7 11 14 0 0 7 11 14 0,8i61Oi09bOIP0lOldI668b8IPbIq8l0Q
38357,tosh,東京神話,"DJ TECHNORCH feat.宇宙★海月 vs BEMANI Sound Team ""U1-ASAMi""",5 9 13 17 0 0 9 13 17 0,oQ868oOio6O90i9qO1o8I96P1do11ID0
38358,digr,DIGITALIZER,"BEMANI Sound Team ""Sota F.""",4 8 12 17 18 0 8 12 16 18,dqQbQ9oPlIi6bDdi18d9qPlDb0PiDddi
38359,cnsl,City Never Sleeps,Dirty Androids,4 7 12 15 0 0 7 12 15 0,6OiD0q6O8qi6oDbQ18Ilo8do8biDD1ll
38360,riot,Riot of Color,TAG,4 8 12 16 17 0 8 12 16 17,I9Oood9l9li0D08Q6d6DQPiIQiloidO6
38361,ghok,GHOST KINGDOM,"BEMANI Sound Team ""劇団レコード""",2 6 10 14 0 0 5 10 14 0,dQbolPiDiiObioli96DlOo9OlP9DoDIi
38362,bang,Bang Pad(Werk Mix),Oyubi,3 6 9 13 0 0 6 9 13 0,oloPOQPQ8Q8IQQoiO9bqdDOo8o6OQ6qI
38363,mutk,MUTEKI BUFFALO,C-Show,4 8 11 15 17 0 8 11 15 17,d10d86DQqqd6QDlQlOI1bQi9do66l8Od
38364,wolf,Wolf's Rain,fu_mou,4 7 11 14 0 0 7 11 14 0,qPDO188oQ0i1b8b1b9OPoO0I10lPbQbi
38365,vert,Vertigo,Hylen feat. VGYO,3 7 12 15 0 0 7 12 15 0,PibQ18qDb06Doq99boODIDQODqiDQIbP
38366,hang,叛逆のディスパレート,Vanitas Lacrimosa,3 6 10 13 0 0 7 11 13 0,QiboqIool99ol9Q0d08b68OIIiD89qqO
38367,alsi,アリスサイド・キャスリング,メリー・バッド・メルヘン,2 5 8 10 0 0 5 8 10 0,D6IIDqlO8idioiPo8l61Ob11D6Di0DiQ
38368,haor,花は折りたし梢は高し,夜叉姫神楽,2 5 9 12 0 0 5 9 12 0,8DO0DbDioIid8qDQiQdOdOPOo0PO0906
38369,tuio,追憶のアリア,Blanc Bunny Bandit,2 4 7 11 0 0 4 7 11 0,Od08diDbdbl1Pi90QdO0ibqq8D111q9b
38370,aoga,蒼が消えるとき,movies (moimoi×Xceon×Dai.),3 6 9 12 0 0 6 9 12 0,6d10P0Pd1PiD1l6DPQdoPD1Q8DP0QlqQ
38371,ourl,Our Love,lapix,4 8 12 15 0 0 8 12 15 0,PoP6o0Db8odIO9oOqddodd8IlPl1iDli
38372,latw,Last Twilight,cosMo@暴走P,4 8 12 16 0 0 8 13 16 0,PllDll9di16l8ild6b688l6OP6olQid8
38373,kyos,狂水一華,"BEMANI Sound Team ""HuΣeR Vs. SYUNN"" feat.いちか",3 7 11 15 0 0 7 11 16 0,Dooii0960OioP6Q1l0qi68Q8Dbd9OO91
38374,nole,ノルエピネフリン,"BEMANI Sound Team ""U1 overground""",2 6 11 14 0 0 6 11 14 0,8Qd118IPdqld06Qd1q10iQd06bDdbdQI
38375,panh,PANIC HOLIC,C-Show,4 9 12 16 0 0 9 12 16 0,9IlP00lPi6oOQQqOl1DoI0o10bi1iid1
38376,taki2,Taking It To The Sky (PLUS step),"BEMANI Sound Team ""U1"" feat. Tammy S. Hansen",2 6 9 13 0 0 6 9 13 0,8IODdDQI6P8o0QobDPOldbQ06169b01o
38377,habr,HARD BRAIN,AJURIKA,3 7 10 15 0 0 7 10 15 0,Qb8P9PODDo68lPqQ0o6d80bIqDOiPD9Q
38378,delo2,DEADLOCK -Out Of Reach-,U1 undefined behavior,5 9 13 17 0 0 9 13 17 0,i6bl89d6OOi1O00qlQOIl8b8Qld6IiQP
38379,jetc,Jetcoaster Windy,"BEMANI Sound Team ""dj TAKA"" feat.のの",3 7 12 15 0 0 7 12 15 0,qD1I6qqll88q9dq9PoloD68lqddIDo6O
38381,inne2,Inner Spirit -GIGA HiTECH MIX-,lapix (Remixed by Blacklolita),3 7 11 15 0 0 7 11 15 0,9o6bIq98Qo8dOd11DI0d8boblOqO0I1i
38382,umey,梅雪夜,Qrispy Joybox feat. mao,3 7 11 14 0 0 7 11 14 0,bi9OolI1P9oI8dDPlbQiq01Dl080PQ61
38383,hara,ハラショー！おにぎりサーカス団☆,Blanc Bunny Bandit,3 7 11 14 0 0 7 11 15 0,16b91IPI881lPIo8Qq9Pl1IPiD8Ddodl
38384,inos,イノセントバイブル,Vanitas Lacrimosa,2 4 7 10 0 0 4 7 10 0,DQ1dqP1IoiD11QOPiI0Q8PqO0Qddo6q6
38385,usot,ウソツキ横丁は雨模様,夜叉姫神楽,2 5 8 11 0 0 5 9 11 0,q8iPi1DP6Do6D110OQiQDdPq06q80Qb0
38386,redc,Red Cape Theorem,メリー・バッド・メルヘン,3 6 11 14 0 0 6 10 13 0,Qi1Q6I80b09Oq91OPldbO19080q0dd0b
38388,xray,X-ray binary,"BEMANI Sound Team ""Trance Liquid""",2 5 10 13 0 0 5 10 13 0,iIIDo60oO0lOdiQ9ibIPD0106I69098b
38389,nsya,Never See You Again,"BEMANI Sound Team ""U1 overground""",4 9 12 16 0 0 9 12 16 0,Q9QlQI6Dd09P6i1bP9d8q0IQlPoqiQ81
38390,brid,BRIDAL FESTIVAL !!!,S.S.D. with ななっち,2 5 10 13 0 0 5 11 13 0,91ioD99OdDD9db8qilod818OPqb88idQ
38391,yuni,Yuni's Nocturnal Days,かめりあ,3 6 10 14 18 0 6 11 14 18,OIOdod8llPlO0lOlb6P8iIQ90qQqoDiP
38392,esco,Electronic Sports Complex,栄免建設,6 10 14 17 0 0 10 14 17 0,Q99q619i0lDqll6Q0lq8l1oQ0qPO8o6I
38393,runs,Run The Show,fazerock,4 7 11 15 16 0 7 11 15 16,I189iqQI6iPDdIDbo81b1iD6lIQiI0Po
38394,conn,CONNECT-,"BEMANI Sound Team ""Sota Fujimori""",2 5 10 13 0 0 5 10 14 0,O11olQOQIOOqdo1IbPP8iDDqIP0b1Dl6
38395,bich,BITTER CHOCOLATE STRIKER,L.E.D.-G,3 6 10 14 18 0 6 10 14 18,o9P816l0QQ1b9l1l6i1o6OD9bl9dP00l
38396,were,We're so Happy,Ryu☆,5 9 13 16 0 0 9 13 16 0,I6DdI9O1Oo8O9lo1D08ldOllo0o166I8
38397,shyg,世界の果てに約束の凱歌を -DDR Extended Megamix-,"BEMANI Sound Team ""TAG""",5 10 14 17 0 0 10 14 17 0,l9QibD8IoooD9DIl1O8Q0lo89I9qdido
38398,kkkr,ここからよろしく大作戦143,"BEMANI Sound Team ""あさき隊""",3 6 9 11 0 0 6 9 11 0,DdQ1lQ1Qb1P1oPl1QOd0Q0O9qqidiI9q
38401,reso,THIS IS MY LAST RESORT,Numb'n'dub,5 9 12 15 0 0 9 12 15 0,Q88dlIQDd9lbiiiio0dddO6QP6O091lI
38402,drow,Next Phase,Dazsta,4 7 11 15 0 0 7 11 15 0,b80oDO98iPDO1100IbOo8160bPdd898I
38403,meda,ｍｅｍｏｒｙ／／ＤＡＴＡＭＯＳＨＥＲ,SYSTEM VALKYRIE:type-overdrive,6 9 13 16 0 0 9 13 16 0,D1QDql1OQDl1dblId0P81Q999dO9POoP
38404,actu,actualization of self (weaponized),kiraku,4 9 13 16 18 0 8 13 16 18,i6P0dI11PdoIIQ19D6PQPidqd0bI6lqi
38405,sadi,SAYONARA☆ディスコライト,nana(Sevencolors) feat.ジゼル・クイン,3 6 9 13 17 0 5 9 14 17,Q8b91l6od9bq6IPqlddiP0bb0l1iqD8I
38406,m1dy,Come To m1dy,m1dy,6 11 15 17 18 0 11 15 17 18,bll06Di6q1QOlddDlPDPiQDDI09bOOoP
38407,stth,Step This Way,nanobii,4 9 12 16 17 0 9 12 16 17,8iiqQ9o1P089901DPIq8PDPOl6oDOl1P
38408,golo,Good Looking,JAKAZiD,3 9 12 15 17 0 9 12 15 18,i9PQoDbQI0qqd6I00d19bQo6q9PoOIbO
38409,hede,Hella Deep,MASAYOSHI IIMORI,3 7 10 14 0 0 7 10 14 0,i8iPdIlP1IIDib96Qq080ibq6bblQqQD
38410,evan,Evans,DJ YOSHITAKA,5 10 14 17 0 0 10 14 18 0,P06O6iQbiPPqiIqOd0IQdqolbPbDId6Q
38411,sibu,"BLUE FOG, SILVER BULLET.","BEMANI Sound Team ""L.E.D.""",5 8 12 15 0 0 8 12 15 0,qQd06O6d19ODl0QP8l6Q8lPlloo69ddP
38413,houu,鳳,かめりあ,7 11 16 18 19 0 11 16 18 19,QiPiIb8I99loq8loIq91iP6l1OOoq8oq
38415,kana,彼方のリフレシア,DJ TOTTO feat.Annabel & 日山尚,3 6 10 15 0 0 6 10 14 0,ilbQ0lq89DId9oDl89lbb8lQIPl6i0QO
38420,ifif,If,Pa's Lam System,4 8 12 15 17 0 8 12 15 17,6ID160b99ibbd9OoblD0DPOl98lPbq6D
38421,jucu,Jucunda Memoria,Akhuta,5 10 14 17 0 0 11 14 17 0,PPb6l1di1Pi0o8O08odqIDlbPll61QbQ
38422,aure,Are U Ready,Shouya Namai,3 7 11 13 0 0 7 10 13 0,o8996Q8lQ08dQbOoqP0id80bi18lql9b
38423,popi,Poppin' Soda,nana(Sevencolors),4 9 12 16 0 0 9 12 16 0,Q0dQDqillPqIId0Q81q01ooObQIlO1QI
38424,onyx,ONYX,SOUND HOLIC Vs. ZYTOKINE feat. Nana Takahashi,4 8 11 14 17 0 8 11 14 17,Dl91ldlb8PODoO96OI801DP0PPl8Plqi
38425,swor,Sword of Vengeance,sky_delta,5 9 13 16 0 0 10 13 15 0,ddqO1b1ldlQd6OOoQ1boPdoboDQqd9D8
38426,betm,Better Than Me,"BEMANI Sound Team ""Sota F.""",4 8 12 15 16 0 7 12 15 17,8dqQDblP6dPI10qq10qiPbqi1llQ06iP
38428,hilo,High & Low,Shouya Namai,4 8 12 16 18 0 8 12 16 18,ODli9liO1loIiqb9qIol6o1PO91DP8QQ
38429,yumo,勇猛無比,Upper Cape Project,4 8 11 14 18 0 8 11 14 18,I1I0qd19DqIoI0qdqd6oPO68O8DDi6OI
38430,papa,paparazzi,Yucky,5 8 12 15 0 0 8 12 15 0,lb01Qb1iOOIIobPO06Oob9ODilIDOQ6Q
38431,uhoh,Uh-Oh,kors k,3 7 11 14 0 0 7 11 14 0,dI1Ii100bQ6006l89diod0d116diOl8D
38432,lada,DDR TAGMIX -LAST DanceR-,"BEMANI Sound Team ""TAG underground overlay UNLEASHED""",6 11 14 17 0 0 11 14 17 0,dQODIo01o98oPll086Qdol8bq9QP8d61
