song_id,basename,title,artist,diffLv,eamuse_id
37545,sacr,Sacred Oath,ＴЁЯＲＡ,2 4 7 11 12 0 5 8 11 13,qOQQ1qdQPPQ1bbdPldPlIil99IDoPi61
37546,wwcm,What Will Come of Me,Black Rose Garden,2 4 6 13 0 0 5 7 13 0,olloQOobddiIIPObP91l0qPl6oo8P9Dl
37551,canu,Hoping To Be Good,Bill Hamel & Derek James feat. James Rowand,2 5 7 12 0 0 5 7 11 0,Oo9O18oqOi9DIoOoqb9IqQDo0dbdqP9q
37562,curr,Curry Up,OR-IF-IS,2 6 10 13 0 0 6 9 12 0,18d0iP6oIQQIb6IIOi99iDQ116bbP9I9
37563,tame,Take Me,Harmony Machine,2 5 7 11 0 0 5 7 11 0,iqlOo1bdoiDqDbIODDl0POl1PqlQd8l6
37564,iair,In The Air,Bill Hamel & James Rowand,4 6 9 11 0 0 6 10 11 0,qQI9IQOd061Q69Oo89lll9bd99108Qqd
37565,ahla,Ah La La La,Tommie Sunshine,2 5 7 12 0 0 5 7 11 0,Ilqd06QqoQd9IlQobq9idPqb1111Q96b
37570,bbay,Bombay Bomb,Jena Rose,2 6 10 12 0 0 6 10 12 0,18ibQ9qbqOI91Q1iiiOd990OPo1q1dPI
37571,shie,Shine,TOMOSUKE feat. Adreana,2 4 6 9 12 0 4 7 9 12,q1o901oPqbbI1Q61qo688bDd0Pqlb08l
37572,lvag,Love Again,NM feat. Mr. E.,2 4 6 8 0 0 3 6 8 0,l0od6D6dl9PQdl1iDPOlD80io0iqqDb8
37584,hest,Heatstroke,TAG feat. Angie Lee,2 6 8 10 8 0 6 8 10 8,lIPP90Ilqib08Obob9901PiP19OQ18P9
37585,tasf,Take A Step Forward,TAG feat. Sydney Powers,2 7 9 11 15 0 6 10 12 15,ibiD8868D116OIqbQ1DQ1IOb8OD1qQ98
37586,inzo,IN THE ZONE,U1 (NPD3 style) & KIDD KAZMEO,2 4 7 9 0 0 5 8 10 0,8o6ibb0b1i66Q0D8699boob69b80Qb1i
37587,ttim,TIME,NM feat. Aleisha G,2 5 7 9 0 0 5 7 10 0,oDIliqQl90bQo6Qil9bOiD1iO19qI1dd
37588,eine,Everything I Need,Brooke,2 4 6 9 0 0 4 6 9 0,81O10b1Oob9blo0888PQbd1I6bP0b8q9
37589,kimp,KIMONO♥PRINCESS,jun,5 8 12 15 0 0 8 13 16 0,Q10PdOD6bDD9QPQQqiO11669bb0lQ189
37590,shlo,Share The Love,Brenda Burch,2 4 8 12 0 0 4 7 12 0,9P16o1bO16PDDObloibo1Il8IIDdo869
37595,abri,A Brighter Day,NAOKI feat. Aleisha G,2 5 7 9 12 0 5 7 10 12,dQoqo68881IiO9i00bP0q1lOD6i1PdD8
37596,bene2,Party Lights (Tommie Sunshine's Brooklyn Fire Remix),Tommie Sunshine,2 5 8 11 0 0 5 8 11 0,oQQqlb666o69DDOQoboOI1b1q09lQ9P6
37597,yyou,You,NM feat. Anjanette Mickelsen,2 4 6 10 0 0 4 6 10 0,D0qloQo0bQliQqooQ609IP8i09old99D
37599,thni,THIS NIGHT,jun feat. Sonnet,2 5 8 11 0 0 6 8 11 0,qQl6O8IdiI6991IiqDqidO96bll1qPDl
37600,geba,Get Back Up!,NMR runners,2 7 9 12 15 0 7 10 12 15,olIo8PdO8dq16QqDIQboQq6oPqDO9qoo
37601,theh,The Heavens Above,U1 /F Anneliese,3 7 9 11 0 0 6 10 12 0,0q8b6O0qOlDql0oP80OI8i8i1088qbIb
37602,goda,Gotta Dance,NAOKI feat. Aleisha G,2 3 6 10 0 0 5 7 11 0,lqOQbO0ql96IdDdD689o9PI1iI8Q1Ibi
37604,elrt,El ritmo te controla,Jeanette Herrera,2 6 9 12 14 0 5 9 12 14,lO8oill61lld1do1O96bIDbPPQD6Ob0b
37613,youa,You are a Star,NAOKI feat. Anna Kaelin,2 4 8 12 13 0 6 8 12 13,0qOPDqq0qld66bll9ob9iIqiiQPiQIDQ
37614,seul,Seule,Preston Powis,2 6 10 12 0 0 6 10 12 0,qbl10iqqdO1Do1dIq181Pl6oi8QilQo1
37615,lali,La libertad,Cheryl Horrocks,3 5 9 12 14 0 6 9 12 14,b6l6qPPdiOqqPqqII0IPqI981bolOqIb
37616,unen,Until the End,Philip Webb,3 4 9 12 0 0 8 10 13 0,89O8qIII0QPO0Q0l10P6dl19PlQ9d0oO
37617,letg,Let's Get Away,NAOKI feat. Brenda Burch,2 4 7 9 0 0 6 10 13 0,id0i6dQId1D9l1P9bq9iP9608Ioi9iq8
37618,larc,La receta,Carlos Coco Garcia,3 4 7 11 13 0 5 7 11 13,IDPbb8oiQl0od6b8OqlPDo08o0QDo6iQ
37623,crco,Crazy Control,D-crew with VAL TIATIA,2 4 6 9 12 0 4 7 10 12,1DD68qQdqQ0i6bQ61ddQ06ql1D6O1l6P
37638,goru,GOLD RUSH,DJ YOSHITAKA-G feat.Michael a la mode,2 5 8 12 0 0 6 7 13 0,ib8o1iD68il66olQ1lddIPi0lIb9dd1I
37639,fifi,FIRE FIRE,StripE,3 5 8 14 0 0 5 8 13 0,0ibD9Oio99IlQ0di916lId0bi08IPD9b
37640,smoo,smooooch･∀･,kors k,2 4 7 12 10 0 5 7 12 11,1l01billdl6oPP96Pq8d0lbbblQI8i8l
37641,dada2,Dazzlin' Darlin-秋葉工房mix-,Remixed by DJ Command,3 5 8 11 0 0 5 7 12 0,69l8lOiooPPPqb9Io9Il01dPD0Q988Iq
37642,dada,Dazzlin' Darlin,HHH,2 6 9 11 0 0 6 10 12 0,IPdDlblblqO1do9IQbDoi0iOoPDoiDlI
37643,meii,冥,Amuro vs Killer,3 7 11 16 18 0 7 12 15 18,iqiqod1l08DlDql98QOi10oibldd8b86
37644,zeta,ZETA～素数の世界と超越者～,Zektbach,3 6 11 15 18 0 6 9 14 18,96QPqq0q6Id0Ii0QbD1bQqPbiDqb0lPo
37645,seco,Second Heaven,Ryu☆,2 5 9 11 14 0 5 9 11 14,9bI0dQdb01Dl1bQq1Pq998i0l096D99P
37646,vane,VANESSA,朱雀,4 7 11 16 0 0 7 12 16 0,6d6bqoOlqi8ooqOdlqdPblqol88b68QP
37647,huch,不沈艦CANDY,Risk Junk,2 6 9 14 0 0 5 8 14 0,i8O81i0iQdqiI8qqP0oo8IPl9IoId1bO
37648,shei,She is my wife,SUPER STAR 満-MITSURU-,3 5 7 12 0 0 5 7 12 0,0qDb0d9oIoQPP1Ql0o0OOPoPDbQ699Iq
37649,poss,POSSESSION,TAG underground,7 10 14 17 18 0 11 14 17 19,q6di1DQbi88i9QlPol1iIPbb8lP1qP1b
37650,cgpr,CG Project,Latenighters,3 5 9 12 0 0 5 9 13 0,qD8Q180QlIi11o1IiI6DPoqolqoD61Ib
37651,anti,Anti-Matter,Orbit1 & Milo,6 11 14 17 18 0 11 15 17 18,D89QP18016o01qoOi60I6Q19dlOQPbdo
37652,allm,All My Love,kors k feat.ЯIRE,2 5 8 10 0 0 5 9 11 0,PQP1l9qDilqbD0qOqiD8dd86qboI8bob
37653,issk2,KISS KISS KISS 秋葉工房 MIX,Remixed by DJ Command,2 5 8 12 0 0 4 8 12 0,QdIl6D808iDoDQi0Qii99Do6do8DOdQO
37654,whro,WH1TE RO5E,Y&Co.,3 5 9 13 0 0 5 9 13 0,QQbiq1qQd8d1blOldi889OdQd9P1106Q
37655,tpch,Top The Charts,J-Mi & Midi-D feat. Hanna Stockzell,3 5 8 12 14 0 5 8 12 14,l9i996ld6PbbiO1911OoOI8lIPQ06ID8
37657,rthm,Rhythms Inside,DKC Crew,2 3 8 10 0 0 4 8 10 0,P8IQ8blOl1i08oP18i06Oq1iP9biP6Do
37659,skyi,Sky Is The Limit,Sota F. feat.Anna,2 5 9 12 0 0 5 9 11 0,08IP8i1qIbQIoP9DiP11IdP190Q98lil
37660,newd,New Decade,Sota F.,4 11 14 17 18 0 11 14 17 18,o0l1Qioq1i9iQl6b9q6il0iqi1b1OQ9b
37661,pose2,Poseidon(kors k mix),NAOKI underground,2 5 9 14 0 0 4 9 13 0,qD6q1PD0lIDP89DPDbOOIdq0Pi8iIdD6
37662,sasu,Sakura Sunrise,Ryu☆,3 8 10 14 16 0 9 11 15 16,6lD1ooDi8Pdl0OlO0QoIioI8119I0PPq
37663,pier,Pierce The Sky,JAKAZiD feat. K.N.,3 8 11 14 16 0 8 11 14 16,DD6olq00PD91odbO9QbldDb0bQ18oqo1
37664,tako,Decade,kors k Vs. dj TAKA,2 5 8 11 0 0 5 8 12 0,il0QbI6IOIidllO108olqd8i9Pb1Oq8Q
37665,ropp4,roppongi EVOLVED ver.D,TAG underground,6 8 11 15 0 0 8 12 16 0,l8q6diIod06OdP11P6I8oIddiPo16DPd
37666,droo,DROP,dj TAKA feat.Kanako Hoshino,2 5 8 11 0 0 4 8 13 0,ObiIq6PDlOiPd0d1oP8IIQbqiq09IDII
37667,shng,☆shining☆,ピンクターボ,2 5 8 11 0 0 5 8 11 0,006ob1iI9b1I8dDl0dq1bqIOP8886li1
37668,sday,someday...,杏野はるな,2 5 7 9 0 0 6 8 10 0,0ol981b18biO0610IqPi9l6Db86PbIQ9
37684,valk,Valkyrie dimension,Spriggan,9 13 15 18 19 0 13 14 18 19,186dd6DQq891Ib9Ilq8Qbo8lIqb0Qoll
37685,shwo,Shiny World,CAPACITY GATE,2 8 11 14 16 0 8 11 14 16,b6ldDOq9qi1IiIIdiIl1108q1iQ9O6d6
37686,batf,BALLAD THE FEATHERS,SHIN SOUND DESIGN feat.Naomi Koizumi,2 4 7 10 8 0 4 7 11 8,9ib91bdq6i11l69d081qDD989Q0qO0qI
37687,goup,going up,colors,3 7 10 12 11 0 7 11 13 12,dqPDQ8Pb68iib8bIIPld10Q0oD8l600o
37688,lvng,Leaving…,seiya-murai meets “eimy”,2 5 8 11 13 0 5 8 11 13,6bO0Dq60bboi009iDbO8o9Q9999PiiDP
37689,maxl,MAX LOVE,DJ YOSHITAKA feat. 星野奏子,3 6 8 11 13 0 7 8 11 13,l6999IbQI61IO9qQbllobqo68lqobibq
37690,melo,Melody Life,Noria,2 5 7 10 11 0 5 7 11 12,6i189o0bl000608OPdOIODOOibq6QoPI
37691,thr8,888,DJ TECHNORCH,3 6 13 14 18 0 7 12 15 18,id9oObq9P6Q6Pq6lQPqI88OP1DD8D0O1
37692,aftr,aftershock!!,DM Ashura,3 5 9 13 0 0 5 9 13 0,o6qi6idD9oqIdi81ldQlODqIqIiqlD1d
37693,delt,ΔMAX,DM Ashura,3 5 13 17 17 0 8 14 17 18,QQldo10ObPPQPlliODiDIIl0Q1oPoo61
37694,dirt,dirty digital,kors k,2 5 8 11 13 0 5 8 11 13,I8b69IdbID0Di06ldo6o1lb1IdI89Iqo
37695,dumm,Dummy,RAM,2 4 7 10 0 0 4 7 11 0,PP9q1DDi0liP1P00lqIoIbbqo9QqlIqP
37696,sak2,sakura storm,Ryu☆,2 4 7 10 13 0 4 7 11 14,ib19PQ61bi0lI8qi98IQ8dOqOoP91olq
37697,yoan,Your Angel,DM Ashura feat. kors k,2 4 7 10 0 0 4 7 11 0,oiIob81i6d6P6qbddOP6Q0d0obQ0PID9
37698,oarf,oarfish,kors k,2 2 8 11 0 0 2 9 11 0,DbQbDQOl0lII16ib1081d6ddIodD0P9I
37731,dree,dreaming can make a wish come true,jun & NRG Factory feat. Anna Kaelin,2 4 7 11 0 0 4 8 11 0,b08D1ODPP0IqlIl91dDDdD1d0lD8bP1d
37733,sson,Seasons,TOMOSUKE feat. Crystal Paloa,2 5 8 12 0 0 5 8 12 0,loP08P1PPi990lPD0O060d888O9o6qb8
37734,urlv,CRAZY♥LOVE,jun,3 6 12 15 18 0 7 12 15 18,i0dqDPqDll9il0b6qoDPd19OQ0qO9qDO
37735,oslv,One Sided Love,D-crew with Melissa Petty,2 5 8 10 12 0 5 9 11 13,OQb96d6qD9bPdD819QO0b88blIllldoi
37736,mprd,MAGIC PARADE,Lea Drop feat. Katie Dellenbach,2 4 8 10 0 0 4 8 10 0,odD0Ql6iQbidDlqdPIdo8iQO09OoIbD0
37740,snow2,ever snow,ＴЁЯＲＡ,2 4 8 12 0 0 4 8 11 0,OqIlb9PQIo0Io90PIQi6q86dO8iP19Oi
37749,imso,I'm so Happy,Ryu☆,4 6 9 12 16 0 6 9 12 16,90lolio9qd6qo6Pl8oo69iqi81oiiQib
37750,toet,Theory of Eternity,TAG,3 6 9 12 10 0 6 9 12 11,Oq9QIlI8l11ddqbbDoQ1ql61OqlIi9lo
37752,hien1,London EVOLVED ver.A,TAG underground,5 8 11 14 17 0 8 11 14 17,D6IQ1O1D00D1o8IQq0O9qqIibqDiiO0i
37753,hien2,London EVOLVED ver.B,TAG underground,5 8 11 14 17 0 8 11 14 17,OlDo09P8l0d6d80i8qD0qQddbi0QQD8b
37754,hien3,London EVOLVED ver.C,TAG underground,5 8 11 14 17 0 8 11 14 17,09looidO89Q9DiDdqQiDPlIQDoiobobQ
37755,ublv,UNBELIEVABLE (Sparky remix),jun feat. Sarah-Jane,4 7 11 15 18 0 8 12 16 18,I6dI99IOolDD6l6Q1ooPIiDO8Odq0QIP
37756,arms,Back In Your Arms,jun feat. DJ Silver vs Milo ft. Becca Hossany,2 5 8 10 0 0 5 8 10 0,bqqIiO96di90bdP0QD1biD8DoDQIddOD
37758,ptay,Dance Partay,DKC Crew,2 5 7 11 13 0 5 8 11 12,QbI1i8Q8o06qQQIqllQ6091l998D0qIi
37762,angl,Wings of an Angel (Fly With Me),J-Mi & Midi-D,2 4 8 12 0 0 5 8 11 0,blI8D10Q1IDQ8Q19bi0IDlD80oD0bloi
37763,srdr,Surrender (PureFocus remix),U1 ft. Becca Hossany,2 7 10 15 0 0 6 10 14 0,bo8DPdi09odO8oq9ql0iI8booOioOqi0
37764,ftsy,Summer fantasy (Darwin remix),Lazy U1 ft. Fraz & Chalk E,2 7 10 13 11 0 7 10 13 13,loD6oi96869O8ilii1QPOPDoP91l1PQQ
37765,hrtb,HEARTBREAK (Sound Selektaz remix),NAOKI feat. Becca Hossany,2 4 7 10 0 0 4 7 11 0,iq6QI06oQlloO9Db9dbI8IDoi91dD8d9
37767,fndw,Find The Way,nc ft SAK.,3 7 10 12 0 0 6 10 12 0,liiPP608Oqbbb1Do88DPolOlQiq0Di60
37775,dids,Diamond Dust,TAG,2 5 7 10 13 0 5 8 11 13,19b01l0QPiDlDQb6lqd0dQ8Qlld6Dl6l
37776,hbfo,HEART BEAT FORMULA,TAG,4 7 10 13 0 0 7 10 13 0,1l8ibdlb0O0q00o6l9Pq1ibdbIQqqOb1
37777,pavo,PARANOiA Revolution,CLIMAX of MAXX 360,6 10 14 18 19 0 10 14 18 19,606b9d6OiliId69bO9Odi6qq8o8Qd0dq
37778,trvo,TRIP MACHINE EVOLUTION,DE-JAVU,4 9 12 16 18 0 9 12 17 18,8O6b1D9PDO0ll1IO9d1ODDPPo0QPQbob
37779,neph,NEPHILIM DELTA,L.E.D.-G,4 8 12 14 0 0 8 12 14 0,DI91q6O00bliOldqO6DqDdqib86iqPPP
