song_id,basename,title,artist,diffLv,eamuse_id
38197,inbe,IN BETWEEN,"BEMANI Sound Team ""L.E.D.-G"" feat. Mayumi Morinaga",4 7 12 15 0 0 7 12 15 0,bdQ6IobP6II86I1io686Il9qQ69dOod1
38198,vanq,Vanquish The Ghost,"BEMANI Sound Team ""TAG""",3 8 12 16 0 0 8 12 15 0,891b0OdIdO8b9obi69b6PQlPIqDI01dO
38199,snsn,SUN² SUMMER STEP!,ときめきアイドル project,2 3 8 11 0 0 3 8 11 0,D1I09111OiQPiDi9doqP9b1PlO1PqII8
38200,seik,星座が恋した瞬間を。,"BEMANI Sound Team ""DJ TOTTO feat.MarL""",2 7 9 12 0 0 7 9 12 0,ld8lOqloqD6lOl880ldDo819bDb9q1Qi
38201,pube,Puberty Dysthymia,"BEMANI Sound Team ""person09""",4 8 13 17 0 0 8 13 17 0,99q8i8bPldDbio919ob0DPi0bqdIoobi
38202,life,Life is beautiful,"BEMANI Sound Team ""猫叉Master""",5 8 12 16 0 0 8 12 16 0,dqb09QD6o0O8PooiqbqQOdqQ1l80o691
38203,suss,SUPER SUMMER SALE,"BEMANI Sound Team ""U1 overground""",2 8 12 15 0 0 8 12 15 0,Id8IPlqQodD01dPiq8oPPQoPQq6booi0
38204,frin,風鈴花火,"BEMANI Sound Team ""劇団レコード""feat.結良まり",2 5 8 10 0 0 5 8 10 0,oOI18qilo91qPQl9Q0l9iliO96Pi6DIi
38205,prey,Prey,"BEMANI Sound Team ""Dustup""",5 11 15 18 18 0 11 15 18 18,i916bDibPI9l869o9IIQb8DbO9bPDi6q
38206,rejo,Rejoin,"BEMANI Sound Team ""HuΣeR feat.PON""",2 6 10 13 0 0 7 11 13 0,ll6iQl0PoiDob8Oi6dlOQ069061doqbq
38207,bura,無頼ック自己ライザー,kradness,2 4 8 13 15 0 5 9 13 15,id0QqdbI8oloO9l08IqI9q1D0819OQID
38208,smpa,Smiling Passion,ときめきアイドル project,2 7 10 12 0 0 7 10 12 0,odliP8d18DQi0b8lPbPI1PdoQ0PDd0IP
38209,oneg,おねがいダーリン,松下,2 3 8 11 0 0 3 8 11 0,qdQoQli1d8DP0Obb919I6P1Odilib1Dd
38211,doup,DOWNER & UPPER,"BEMANI Sound Team ""DJ TOTTO""",3 6 9 13 10 0 6 10 13 10,lldPQPDP0qq8iqQ910l8b8PoQ6O668Q0
38212,drtb,Drop The Bounce,Hommarju,3 7 10 15 16 0 8 11 15 16,08PiiDq6b1oQ8OIIbDql0bDbIID0b1iP
38213,suns2,Love♡Shine わんだふるmix,ARM (IOSYS) feat. 一ノ瀬月琉 (monotone),3 5 8 11 14 0 5 8 11 14,qi9qP1dPd6PPDlldbb8OIlD08Pbd9006
38214,ddrm,DDR MEGAMIX,DDR,6 8 13 15 16 0 8 13 16 17,8dbiodDo1i6IolDQdqdOoqDDD90q6liQ
38215,show,Show me your moves,"BEMANI Sound Team ""TAG"" feat. 柊木りお",3 6 8 11 14 0 5 8 12 14,6oolbQ0QiO90Dd0DQbb1D86d8q88id86
38216,poss3,POSSESSION (20th Anniversary Mix),"BEMANI Sound Team ""Sota Fujimori 2nd Season""",8 11 14 16 18 0 11 15 17 18,19q96Q8l1oqbD0OQq6biDbO6O1oqqb6O
38217,chao2,CHAOS Terror-Tech Mix,ARM (IOSYS),5 8 12 15 17 0 8 12 15 18,b16OP1o9qb6bQd66qOl98iq0boiQP919
38218,maxx2,MAX 360,"BEMANI Sound Team ""[Ⓧ]""",9 12 16 18 19 0 12 16 18 19,1Dl19idl0i0qiqidbDIIbQddiP6o11PP
38219,avng,Avenger,USAO,4 10 14 17 18 0 10 14 18 18,9DoD10OPQ999IlP0doo69olbOQ680q09
38220,syur,シュレーディンガーの猫,Cait Sith,6 9 12 15 18 0 9 12 15 18,DIiQbd09D0PoIiPl9iP1q8qldOOqol8i
38221,anni,ANNIVERSARY ∴∵∴ ←↓↑→,"BEMANI Sound Team ""U1 overground""",4 7 12 16 0 0 7 12 16 0,Pq1O0qIiQII9PP1Qi6dbi9Pdo88dO8Dq
38222,ourm,#OurMemories,DDR ALL FANS,3 6 9 12 11 0 6 9 12 11,QD8D6IQ1QoOPIPIIbI10QDOdd96OPIQi
38223,caof,Catch Our Fire!,中島由貴,5 10 13 17 0 0 9 14 18 0,P6id8qqolbP0oqO060OOqbl60DI9iQoQ
38230,seta,Seta Para Cima↑↑,"BEMANI Sound Team ""U1 overground""",3 5 11 13 0 0 5 11 13 0,D0Q0oIDDqoQd0IQddi1IiD16dO16O88o
38231,thbe,This Beat Is.....,Shoichiro Hirata,2 5 8 11 0 0 5 8 10 0,PdPdbdQ1lDI18O90Q0li8QI0bo99bidd
38232,stsk,Starry Sky,DJ Genki feat. Mayumi Morinaga,2 6 9 12 0 0 6 9 12 0,80OqPo1D6lD616lIDI1IPq0oPllld6b1
38233,dehe,Dead Heat,Maozon,4 6 10 14 0 0 6 10 14 0,6iO8d9ld00I6lDIO6qbOldP99oqloqb9
38234,wati,Waiting,nc ft.NRG Factory,3 6 10 13 0 0 7 10 13 0,PPQb966D6Ql6Q8iPo68810PdDiI6D0bl
38235,dots,District of the Shadows,DJ Noriken,3 6 12 16 0 0 7 12 16 0,0DODq0P9Qi6i6q8QPoPPOiOi6ib0188b
38236,heli,Helios,xac,4 8 12 16 0 0 8 12 16 0,OPdooDlO9iO09lI1ODP00660loDiiodi
38237,proc,Procyon,矢鴇つかさ,2 6 11 15 0 0 6 10 15 0,1DPD60Q8D1qD8i80P160bqDQ81DObDlP
38238,skyw,Skywalking,Nhato,4 7 11 15 0 0 7 12 15 0,Dqb08DI0Ii8ilD0lioi9o9D1dodl6dO0
38240,t501,50th Memorial Songs -The BEMANI History-,BEMANI Sound Team,2 5 9 13 0 0 5 9 13 0,D0iDbio81PIbI8dD6QOIP9IidDOP0PDP
38241,t502,50th Memorial Songs -二人の時 ～under the cherry blossoms～-,BEMANI Sound Team,3 7 9 12 0 0 7 9 11 0,l1ODQ1bO9POQ6d8O0Iobbio11qb6O6bd
38242,t503,50th Memorial Songs -Flagship medley-,BEMANI Sound Team,3 7 9 12 0 0 8 10 13 0,0IIO08bII0QQDOdobqbl8Ib8Q8O8q1li
38243,t504,50th Memorial Songs -Beginning Story-,BEMANI Sound Team,2 5 10 14 0 0 5 10 14 0,bP10qq9dPDDqIl16lPIDDd8b00dIIP08
38245,swet,スイーツはとまらない♪,日向美ビタースイーツ♪,2 4 9 13 0 0 4 9 13 0,qoidddb08iIoDOo9DQoO0loPl8lPQ81o
38246,hika,ヒカリユリイカ,ここなつ,2 5 8 11 0 0 5 8 11 0,1Q809666i9oblO8qO688OiD6OIbiP0Oq
38247,bast,ベビーステップ,ここなつ,4 7 9 12 0 0 7 9 12 0,ObbOibP0ll9I00di6i9oO1qlIQbdD0ql
38248,kapa,革命パッショネイト,日向美ビタースイーツ♪,3 6 10 13 0 0 5 9 13 0,l1lO999PqIboPQOD86PDQo1ol1iIiiOi
38249,neza,熱情のサパデアード,日向美ビタースイーツ♪,2 5 9 13 0 0 5 10 13 0,P160qOD09PQoOPI6iIOO69qDoqQl1qDQ
38250,godf,Get On Da Floor,DJ Shimamura,2 5 8 11 0 0 4 8 11 0,Pq0Qq0OQqlPDQOld8bddlIDPD89o8bO8
38251,toyb,Toy Box Factory,まろん（IOSYS）,3 7 11 15 0 0 7 11 15 0,ddIiQ90DblbOQQIQPIbQOdb9DdPoOQ9Q
38258,f4sh,F4SH10N,aran,2 6 10 14 16 0 6 11 14 16,ObIOQ6id8DOdlQlil8819ObqoDQIIoiO
38259,soda,SODA GALAXY,KO3,3 6 9 12 0 0 6 8 12 0,8qd0DIiiQ6dPl1b6b0OqDob6i0d1dQP1
38260,givm,Give Me,Relect,3 7 12 15 16 0 7 12 16 16,d9llb88lDI1q0QI10P01lqIqlI6QO0Dl
38261,ramp,Rampage Hero,DJ Shimamura,4 9 12 16 17 0 9 12 16 17,Ol8PPooqO8iOqQ6900o0q0QI9dPo0O0b
38263,rtrw,Right Time Right Way,KAN TAKAHIKO,4 7 11 14 16 0 8 12 15 16,1qPOO8o9089lI1qQIDIDi0lidob9i6lq
38264,sais,最小三倍完全数,DJ TECHNORCH,5 11 14 17 0 0 11 15 17 0,O9qDQOQO8dDDIiO9dPP0Pb8qQo9l89D9
38265,ouso,Our Soul,CaZ,3 6 8 11 15 0 6 9 11 15,QI06q9lPIoo80DlI18Ooi6dbPl89bqi0
38266,levu,LEVEL UP,TORIENA,4 7 10 13 0 0 7 10 13 0,D9ooldO1009Pq1dP6P88lD80P0Oi060P
38267,woen,The World Ends Now,Akira Complex,4 9 12 16 18 0 9 13 16 18,b80qOO6l8060990qQPod1bOd8Q9d69qo
38268,cros,CROSS,TeddyLoid,2 5 10 13 0 0 5 10 14 0,Q0o8olIPb1iOo0loPPQI0PddI0qlb1Db
38269,ntlc,No Tears Left to Cry,Ariana Grande,2 5 7 10 0 0 5 7 10 0,Db6odqIqQ90PIDIlD1DIb8l09ol6qIDl
38270,newr,New Rules,Dua Lipa,2 5 7 10 0 0 5 7 10 0,Pqb60bq60o9QO0obI1Od9liQo9iIiOD0
38271,sjlt,Something Just Like This (Alesso Remix),The Chainsmokers & Coldplay,2 4 8 10 0 0 4 8 10 0,6ObP9i0qi1ibbi9DOd6bOOOd6Q9dlPi6
38272,clar,Clarity,Zedd feat. Foxes,2 4 7 9 0 0 4 7 9 0,IO0IbQPOP6q8OddoiO99qq9I81l90D1i
38274,alba,I'm an Albatraoz,AronChupa,2 3 7 11 0 0 4 7 11 0,69b01qbo8Qdi6liOPq091bqo01i16oQ9
38275,alon,Alone,Marshmello,2 5 9 12 0 0 5 9 12 0,bdbQoi98Dlb18DiPDPdD801DoOD8619O
38276,part,Party Rock Anthem,LMFAO,2 5 8 11 0 0 5 8 11 0,09oIbO1bi8O8Q1o01q610ID0qPOqoQQP
38277,blst,BLSTR,Ujico*,3 9 12 16 0 0 9 12 16 0,I9Ob6PlIiOQl6iQ6qO6QO0iQ1ld9DDO0
38278,newe,New Era,"BEMANI Sound Team ""Sota F.""",8 11 15 17 18 0 11 15 17 18,DdIo9DQ0ddDld99DQdiiqbPP06OI91I0
38279,blja,BLACK JACKAL,Akira Complex,3 7 11 15 0 0 7 11 15 0,OO1oqdIPP80QdoP11QP61OdDb0lI1qIq
38282,alpa,ALPACORE,Cranky,4 9 12 16 17 0 9 12 16 17,6d8DiDl0i1oldbbo0o60PQ0q96d608Dq
38283,mmdf,未来（ダ）FUTURE,seiya-murai,2 7 10 15 0 0 7 10 15 0,D686d06lO9IID8D0boPq0Pd8P89idO99
38284,aceo,Ace out,"BEMANI Sound Team ""SYUNN""",3 5 9 14 14 0 5 9 13 14,l61ldlPo1DQ081860O86D0Qo0qdOd0qP
38286,crsh,Crazy Shuffle,Yooh,2 5 10 13 0 0 5 10 13 0,OdQqDiIDbD6ioi60ob6lDOlD8oio9l0b
38287,smst,Small Steps,かめりあ,1 4 7 10 0 0 4 7 10 0,OdldObODIdilOP0QqI0b1oO1diqdq61b
38288,spgo,Splash Gold,"BEMANI Sound Team ""TAG underground""",6 10 13 16 0 0 11 13 16 0,b1do8OI6qDDlQO0PI16868ql6bdbI886
38289,afda,Afterimage d'automne,"BEMANI Sound Team ""猫叉劇団""",4 8 11 14 0 0 8 11 15 0,blld8o09oQo80PIIoIdbP9688DIqlbdb
38290,vsss,voltississimo,"BEMANI Sound Team ""PHQUASE""",5 9 13 17 0 0 9 13 17 0,6DQ9D9oi66I8ODi8o0dPdOD1ibbIqIdI
38291,sspr,Six String Proof,"BEMANI Sound Team ""Yvya × Mutsuhiko Izumi""",2 7 12 14 0 0 7 11 13 0,D6o8lIiDQ80oi6iIbiP9DlOPIl0Q8d69
38292,tobo,toy boxer,"BEMANI Sound Team ""S-C-U & SYUNN""",4 9 12 16 0 0 8 12 16 0,d9QO9odlI18i96I6DQPld1iiol8ODl0o
38293,ohmy,おーまい！らぶりー！すうぃーてぃ！だーりん！,"BEMANI Sound Team ""PON"" feat.NU-KO",3 7 12 15 0 0 6 12 15 0,lqI8DD9Plq6IO8P8P6Pl8Di98DlI9oP8
38294,tril,Trill auf G,"BEMANI Sound Team ""dj TAKA""",4 8 12 16 0 0 8 11 16 0,0lIIil06b8q819P9lDil09o6qlqo9I1i
38295,midw,ミッドナイト☆WAR,いちか,3 7 11 14 17 0 7 11 14 17,06DO8bb0O891IQ9QP01diqOOl0D80QbO
38296,mika,未完成ノ蒸氣驅動乙女 (DDR Edition),U1 overground,5 9 13 17 0 0 9 13 17 0,96d9qiDD8l09DQq6O1DO6O6I1IdP8q0D
38297,swho,SWEET HOME PARTY,劇団レコード,5 8 12 16 0 0 8 12 16 0,obd0PDIDq8qqd9q9qdbDdqD98bd61I8D
38298,unem,Une mage blanche,Dormir,4 7 10 13 0 0 7 10 13 0,8q68D8iP6lIdiP8bo9PoOib8lb9loIob
38299,haum,ホーンテッド★メイドランチ,日向美ビタースイーツ♪,4 7 11 15 17 0 7 11 15 17,I0qiD6Ob86D1oQOib81lID6Dll8iOOOP
38300,glit,Glitch Angel,lapix,5 8 13 17 18 0 8 13 17 18,9IdoP1ld9098PI90QQ6bP0Idl1ibo80D
38301,stev,Stay 4 Ever,CHEAP CREAM,2 5 9 11 0 0 5 9 11 0,olDoq69qD008Q9bb8d9OOlPO160Qd0dq
38302,botr,Bounce Trippy,Dustvoxx,4 8 11 14 0 0 8 11 14 0,l81l981iPod0PDIIObIldoQb6Ol9o1Iq
38303,iron,IRON HEART,BUNNY,2 7 10 14 0 0 7 10 14 0,lq9iPP06O8qiP1iooiboPO910b86di19
38304,endl,ENDLESS,FN2(Eurobeat Union),2 6 9 13 0 0 6 9 13 0,d8oDqIQOoD6DQoQbOIP9I6DPPOl89lo6
38305,hist,The History of the Future,"BEMANI Sound Team ""U1×TAG""",5 9 14 17 0 0 9 14 17 0,Q8bIDb60oPo890oi0l0O9PQd9lOb8o1Q
38306,cyco,CyberConnect,Blacklolita,2 7 11 15 17 0 7 11 15 17,1qPIiqqQo0P9dD90I11q90b0ooIidbPO
38307,dest,DeStRuCtIvE FoRcE,BADMYTH,2 6 9 13 0 0 6 9 13 0,Pi81dQi00lo9i1Pib91lQ01i0biIbPIP
38308,stis,Starlight in the Snow,"BEMANI Sound Team ""劇団レコード"" ft.Lisa - paint with stars",4 7 11 14 16 0 6 11 14 16,bbiPqbo0lQq9P19i06q690blI91dbbq6
38309,dilu,DIGITAL LUV,ハレトキドキ,2 5 9 12 0 0 5 9 12 0,0dOOOolo0P6180OQDo16DdO6o6D8O8lQ
38310,gola,Golden Arrow,Zekk,4 8 12 16 17 0 8 12 16 17,dIdDQD1Q8oPQ90Q1DPbiQI661qD9oi6I
38311,hytw,HyperTwist,TANUKI,5 8 12 15 18 0 8 12 15 18,0bq9qI9PoPIlQl89bDO60o9q8I1iIP66
38312,lach,Lachryma《Re:Queen’M》,かねこちはる,5 9 14 18 19 0 9 14 18 19,bIlqP91O9ld1lqlq6qoq9OiPdqIDPP0l
38313,fist,Firestorm,ETIA.,5 8 13 16 16 0 8 13 16 16,qqDOddP66Ol1q1IIOb1OPO68DP1ood1i
38314,ovso,ΩVERSOUL,BlackY,3 6 12 15 17 0 6 12 15 17,P1boP1O60bdI16i6lqqd1Q8ioiPbolqd
38315,rank,ランカーキラーガール,中島由貴 × いちか,4 8 13 17 0 0 8 13 17 0,D08lqQOPdOO6D6ll690Qd6PdbO111011
38316,drsa,Draw the Savage,Ryunosuke Kudo,2 6 10 14 15 0 6 10 14 14,D6ll81qoDDPIq0d89O69dIQIldQdQoId
