song_id,basename,title,artist,diffLv,eamuse_id
38076,pooc,Poochie,kors k,5 8 12 16 0 0 8 12 15 0,O6q0qIQdII9086d9q6o0D1PO06liQ9iO
38077,sayo,さよならトリップ ～夏陽 EDM edition～,東雲夏陽(from ここなつ),3 4 9 12 0 0 4 9 11 0,1P9bqO00bIQ0q8d1Q80l0Dq8oi6boqb0
38078,tama,魔法のたまご ～心菜 ELECTRO POP edition～,東雲心菜(from ここなつ),3 4 8 11 0 0 6 8 11 0,8i9llqdbQ6qP611I90lldPq1o1oQl69o
38079,daan,DANCE ALL NIGHT (DDR EDITION),Sota Fujimori,2 5 8 10 0 0 5 8 10 0,Oi1DI99DO6i6llQ8DDD6oDqOQqiP118d
38080,sttr,Star Trail,Nhato,2 5 9 13 0 0 6 9 13 0,I1DiOI16Id0qdlqbQ6ObPlilDP1oiI98
38081,bass,ベィスドロップ・フリークス,かめりあ feat. ななひら,3 7 10 13 0 0 7 10 13 0,qD6P1ldl09Dqq8QP01bbid0b9IdqobPl
38082,sick,S!ck,Eagle,5 8 12 16 0 0 8 12 16 0,QOPioi8P81q9l0QiP6q06b06bdOO8b1O
38083,tech,TECH-NOID,Sota F.,2 5 9 12 0 0 6 9 13 0,qdbDo1oP6D9ioODd1dQO0QObObidilbP
38084,bada,Bad Apple!! feat. nomico,Alstroemeria Records,3 5 8 12 0 0 5 9 11 0,8Q8dP1odl1D9lIbiIO86OPPIoq6qPP1l
38085,fare,Far east nightbird,猫叉Master,4 6 10 12 0 0 6 10 13 0,9QlqQb9qO008DIPbq8DOlP60P110DPi1
38086,fare2,Far east nightbird kors k Remix -DDR edit ver-,猫叉Master,3 7 11 13 0 0 7 11 13 0,bIloQ900Iq01ql6ddP9idIb6iQ11i9D6
38087,basb,bass 2 bass,Ryu☆,2 5 9 12 0 0 5 10 12 0,18id0bi1Q6lbl0091iP0QoOIq9DDPo9I
38088,risi,RISING FIRE HAWK,L.E.D.-G,3 6 11 15 17 0 6 11 15 17,60P9IPOdi1OIbD61D8i0D9ODoq6QOIPO
38089,seiz,十二星座の聖域,Zodiac Fall,3 6 10 13 0 0 6 10 13 0,lIlold9IQbDb0d6IdP6600DOQIDb9dOP
38090,almh,ALL MY HEART -この恋に、わたしの全てを賭ける-,SUPER HEROINE 彩香-AYAKA-,3 5 9 13 0 0 5 9 13 0,oIPb0iPd8OdDD181dQd8OI18OQDl01QO
38091,daif,Dancer in the flare,猫叉Master,3 6 10 13 0 0 6 11 13 0,ddOqqDI91bqqiOoll6I0i16i1P18019q
38092,hall,Ha･lle･lu･jah,SOUND HOLIC feat. Nana Takahashi,2 5 9 12 0 0 4 9 12 0,l6qQi9qlO8diPd18dl6DdqPid01P91iQ
38093,twiw,Twinkle Wonderland,Qrispy Joybox feat.Sana,3 7 10 13 0 0 7 10 13 0,91Qdq6DbPDlQOiOq08di0IQo8IP8PPqQ
38094,dddd,打打打打打打打打打打,ヒゲドライバー join. SELEN,2 5 11 13 16 0 5 11 13 16,DDDiQOd1IQQ6QIIq09PDqdQdDIll6bQI
38095,aozo,この青空の下で,TAG meets “eimy”,3 6 9 11 0 0 6 9 11 0,qbbPQoqqqiPd98d61P0qDd0iDId6OqoQ
38096,sibe,siberite,Captain KING,2 5 10 13 0 0 5 10 14 0,qq8qDqqPQdP0loDI6DDO9d6dQ601iOID
38097,shkk,宇宙(ソラ)への片道切符,Musical Cosmology,3 7 10 13 0 0 7 9 12 0,P869didbP8Q69IQ0dIqo1ibOb0bb99Q1
38098,astr,Astrogazer,DJ TOTTO,3 7 12 15 18 0 7 12 15 18,6QdIl8odooDQ0oOQ0IObQqo1lO986PP6
38099,obor,朧,HHH×MM×ST,3 6 8 11 13 0 6 10 12 14,I96dOqqqQIi9oiqbqDPbQ8I8PQbqOb1o
38100,shio,SHION,DJ YOSHITAKA,4 7 10 13 0 0 6 10 13 0,Dbd0o8iob1D0990DDIOIIQ6bQqdDQ6ID
38101,kyun,きゅん×きゅんばっきゅん☆LOVE,松下feat.Sota & wac,3 5 8 11 0 0 5 10 11 0,QIDd80o0OqobODP00ldQ1D9dl81qQi0d
38102,grip,Grip & Break down !!,SOUND HOLIC feat. Nana Takahashi,3 6 9 12 16 0 5 10 13 16,I90bd6obO890P0d1iiPD0dol8o8QloQD
38103,nofn,ナイト・オブ・ナイツ,ビートまりお(COOL&CREATE),3 7 11 15 16 0 7 11 15 17,liq91ddlPQ16iooqDDQ86qlodIO10Qb1
38104,mtni,魔理沙は大変なものを盗んでいきました,ARM(IOSYS),4 6 9 12 0 0 6 10 12 0,PloPqd6Q19Q990dl16I0Qi06i0l8o168
38105,help,"Help me, ERINNNNNN!!",ビートまりお（COOL&CREATE）,4 5 9 12 0 0 6 9 12 0,9dDOQo8bQ6blDdd989l1QIO8liDq9O0q
38107,iroh,色は匂へど散りぬるを,幽閉サテライト feat. senya,3 5 8 11 0 0 6 8 11 0,16IqQ680IioldO69QD61liQod0DQ8boQ
38109,haps,ハッピーシンセサイザ,EasyPop,2 5 9 13 0 0 5 9 13 0,l1bDOIlb6ddI6od0q1llI0I6blq9oP0l
38110,kuka,黒髪乱れし修羅となりて～凛 edition～,日向美ビタースイーツ♪,3 6 10 14 16 0 6 10 14 16,16oDDIlP8bIODQ6Ql0881d9Qqdb19b98
38120,coli,Come to Life,ARM (IOSYS) feat. Nicole Curry,4 8 12 16 18 0 8 13 16 18,oIII9lI0q6i9Q0b18ldoI6o0PQ0qqD01
38121,speo,Special One,kors k feat. Suzuyo Miyamoto,2 5 8 11 0 0 5 8 11 0,D9odQ60DDolq9QI9DDl98DIobdPPIil9
38122,aman,天ノ弱,164,4 6 10 13 0 0 7 10 13 0,16bl8D8lOddP9Obq0OIlOI6q8Pi1l9O0
38123,lost,ロストワンの号哭,Neru,3 6 10 12 15 0 6 10 13 15,Q6b1odD8q99D190oP6ol01DolQPD0OdD
38124,hapk,ハピ恋☆らぶりぃタイム!!,DJ TOTTO feat.anporin,2 5 8 11 0 0 5 8 11 0,Q86b6I1Qi6Q918l6iOoOQl866oQoIQOi
38126,kura,倉野川音頭,日向美ビタースイーツ♪＆ひなちくん,2 5 7 11 0 0 5 8 11 0,8Q8OiP8QPbl8bqID1loQq896ldPQd99o
38127,towa,Towards the TOWER,SHAMDEL,2 5 9 12 0 0 5 9 12 0,l66Io69ob00OoOiDOI9lIqlidbDoDq89
38128,cyto,Cytokinesis,Hommarju,4 8 10 14 0 0 8 10 14 0,ibl00b69Oli68l96d6o1P1ob8QPillbO
38129,ifca,Illegal Function Call,U1-ASAMi,4 10 13 16 0 0 10 14 16 0,1Ob1I0do8Iq6QqP6PQIiddD18dqDP9oo
38130,emer,Emera,PON,3 6 11 15 17 0 7 11 15 18,OdlOPPblPlbbldOdqblI06Dd1q00PPo9
38131,anje,Angelic Jelly,t+pazolite,4 6 11 13 0 0 6 10 13 0,9Q081Q0Do0IDDqQi9O61P111QIQd0oQ6
38132,strc,StrayedCatz,削除,4 7 11 13 0 0 7 12 13 0,li6dD9b8dboOd9bbqli886lDl08IPQ00
38133,gran,Grand Chariot,xi,3 7 11 13 0 0 7 11 13 0,Ib01P6O8OPl8qqQi9QO6dii18ID69I8P
38134,seph,Sephirot,SHIKI,3 6 10 12 0 0 5 9 13 0,Qbbqd9O98bl0DobQ9l6blO8iOPP8QdDd
38135,zeph,ZEPHYRANTHES,TAG,3 7 11 15 0 0 7 11 15 0,I61ioI01IOPDPbP1OO0l98PD0iDbid0D
38136,trco,Triple Counter,DJ YOSHITAKA meets dj TAKA,7 11 14 17 0 0 9 14 17 0,d810q0I8q6d0l1POlIO6d66bOPb96dql
38137,nday,Start a New Day,Sota F.,3 6 11 15 16 0 7 11 15 16,l08bl1dddob81IP1IbQqbDbiPo9l069l
38138,hope,Hopeful,柊木りお featured by SOTAG,2 5 10 13 15 0 5 10 13 15,90qP0000qoO8o8dIidlO611ilO11Oo9Q
38139,isht,Ishtar,劇団レコード,3 5 11 14 16 0 5 11 14 16,bPb96lbDP9OdI0Oi1189iOPPdllPIDQb
38140,outo,out of focus,Qrispy Joybox,3 6 12 15 16 0 6 12 15 16,I6qdO8Di181P6Q9Ooq0d8d0DOdq1dOOQ
38141,firs,First Time,"BEMANI Sound Team ""Metal Stepper""",4 7 11 15 18 0 7 11 15 18,9Di9ODOOl8PDQiO1O6o8lD16QlI609ob
38142,kouc,恋する☆宇宙戦争っ!!,Prim,4 7 12 14 17 0 8 13 15 17,Q9Q088PPd0bPi9QQ8iil1lQqPdiQP69D
38143,rena,恋愛観測,NU-KO,3 7 10 12 15 0 7 10 12 16,iP8ll9I0dd8d689PPqlI9008d06io09q
38144,neut,Neutrino,HuΣeR,6 9 12 16 18 0 9 13 16 18,lO91bIQ0Q990PqPbPIq88b9I9PI6ID0Q
38145,resk,"Reach The Sky, Without you",nc ft.NRGFactory,7 10 14 17 0 0 10 14 17 0,POq8OPlOO9199i11Od0P00801Qo01DQo
38146,cosy,Cosy Catastrophe,SYUNN,6 9 13 16 18 0 10 13 16 18,9QIo1lbD1ldlqPO0iD68io69Pd8b01Do
38147,purs,Pursuer,白澤亮（noisycroak）,3 7 14 17 0 0 7 14 17 0,bl90QbiqoOlDI6iQQQdo0Iol6PIdQblP
38148,flyf,Fly far bounce,猫叉Master,3 6 10 13 0 0 6 10 13 0,Dq8b8DPD06Q8qob8OOiQIlOdD8QQD0q9
38149,endy,ENDYMION,fallen shepherd ft. RabbiTon Strings,9 13 16 18 19 0 13 16 18 19,PO9Pl1q896bDDl89qQb98D80DQoPio1I
38150,chro2,Chronos (walk with you remix),"BEMANI Sound Team ""TAG""",3 7 10 14 0 0 6 10 14 0,d18bbq1l699OP9Di6q8oqD9oPb1o1P6I
38151,algo,ALGORITHM,SOUND HOLIC feat. Nana Takahashi,5 7 11 13 15 0 7 10 13 15,ddq1DldlQ990iidO6O99q61bI1966Q0I
38152,exmo,エキサイティング！！も・ちゃ・ちゃ☆,日向美ビタースイーツ♪,4 8 11 13 0 0 8 11 13 0,80PdqQ0iiOQb9i91lIliodiO9PI8O609
38153,lonh,ロンロンへ　ライライライ！,ここなつ,3 6 10 12 15 0 6 10 12 15,9O8bq8b1Pi6Dl08OiPq10OddOdol1qOi
38154,nevl,Neverland,ARM (IOSYS) feat. Nicole Curry,4 8 12 15 0 0 8 12 14 0,1iDPo19Pb9ooi8OqiidbqPb06DDdqiqo
38155,orca,ORCA,かめりあ,7 9 14 17 0 0 9 14 17 0,99OQb9b0IQ98P6IQdPOiqi8q16o16iqP
38156,acef,ACE FOR ACES,TAG×U1,4 7 13 15 18 0 7 13 15 18,ld6P1lbb0bPO9doqbbPOoPb8qoDo8id0
38157,hmss,初音ミクの消失,cosMo＠暴走P feat. 初音ミク,3 8 10 13 15 0 10 13 14 15,QlQ9Qb00bI0ob9oDIiPqO1QdQ0o6O0O6
38158,shia,幸せになれる隠しコマンドがあるらしい,うたたP feat. 結月ゆかり,3 6 10 13 0 0 7 11 13 0,D11ldIqD8dQIi9oQQIIo86QOI8D9olP8
38160,hims,向日葵サンセット,ARM・まろん (IOSYS) × ランコ・パプリカ (豚乙女),4 5 10 13 0 0 5 11 13 0,I6Dd0QIi086il1918dQI6dq0l1d9ibD0
38161,ding,DREAMING-ING!!,ときめきアイドル project,3 6 10 12 0 0 6 10 12 0,8bqd0Oibbo8q81QdODqdl1OOi1l99O88
38167,haru,ハルイチバン,ときめきアイドル project,4 6 7 11 0 0 5 7 11 0,ibdIdIO60b880i8oPOdQD9qIqldOdDl8
38168,tata,闘え！ダダンダーンＶ,ときめきアイドル project,3 6 9 13 0 0 6 10 13 0,P8DoiO0QO6Qb8iiP9D1IQ080lQQPD6ll
38169,koin,恋のパズルマジック,ときめきアイドル project Rhythmixxx,3 6 9 11 0 0 6 9 11 0,i9il1DIDl91Db0OdllOddIqO600Pl89q
38170,shre,しゃかりきリレーション,ときめきアイドル project 結城秋葉,3 6 9 11 0 0 6 9 12 0,0d8Q9I86lo8oDlQiPd81ll66ob0qli89
38171,twme,Twin memories W,ときめきアイドル project,2 6 9 11 0 0 6 9 11 0,Po1D6bo0dQbdl91bPOl86lo8DbP9biiO
38172,stch,Strawberry Chu♡Chu♡,ときめきアイドル project クッキーパラダイス,2 7 11 13 0 0 7 11 13 0,0i68q1iQblI1Pb8QqoQ90i6ddPiqdq8b
38173,inra,invisible rain,ときめきアイドル project 月島美奈都,2 4 7 11 0 0 4 7 11 0,6DQoDoliDO6P96P8D1POoOd8q9QbOibQ
38174,kuns,君氏危うくも近うよれ,A応P,3 6 10 12 0 0 6 10 13 0,IbDoODD9qb66Iqd6DbOQiOoDll1DqiO9
38175,sans0,チルノのパーフェクトさんすう教室,ARM＋夕野ヨシミ feat. miko,3 6 10 13 15 0 6 10 13 15,P66d8iQQIIQO96qoDdIqi9l19i69D9Dq
38176,jewe,Jewelry days,ときめきアイドル project,3 6 9 12 0 0 6 9 12 0,qOD6OPbP6b0l0ODOiObiQbl1DbPqOi9I
38177,beah,Be a Hero!,中島由貴,7 9 13 17 0 0 10 14 17 0,dOb880lOloIIod00PQ1iQOQqlOOQ0Ql0
38180,lumi,ルミナスデイズ,ここなつ,2 5 8 12 0 0 5 8 11 0,dqOoPll1qlDdo6Pd6O0DPPO6l16OIdD1
38182,lumo,Love You More,"BEMANI Sound Team ""Sota F.""",3 9 12 16 0 0 9 12 16 0,qIqbqPblQIIObd9166bbDiioOIiIq991
38183,chop,CHOCOLATE PHILOSOPHY,常盤ゆう,2 4 8 9 12 0 4 8 10 12,ioDOIO9iP8qqPiP9io9Ib1I91OoQ0q0O
38184,hisc,High School Love,DJ YOSHITAKA feat.DWP,3 6 10 13 0 0 6 10 13 0,811qq00Il1Q681068l8dQbPO60l0oD1l
38185,kois,恋時雨,ときめきアイドル project,3 7 9 12 0 0 7 9 13 0,I1qd16dPdqPi96ql0lP10OQDbo11D89P
38186,rpgg,ロールプレイングゲーム,そらまふうらさか,3 5 10 14 0 0 5 10 14 0,DOQbd61o6P0oq968Po0oqP01qPQ8lPdq
38187,alal,エイリアンエイリアン,ナユタン星人,3 5 9 12 0 0 5 9 12 0,bd8oD0iqDQ8Qobd1oIqi8981QbD6I6Iq
38188,rosi,炉心融解,iroha,2 6 10 12 0 0 6 10 12 0,1OQd9o01Oq6Q018POOdlqodQ6bqDPOob
38189,iaru,いーあるふぁんくらぶ,みきとP,2 4 8 12 0 0 5 9 12 0,Oq900IIl1Ob8qoIPqDP0PD6blbqIqlP1
38190,boss,Boss Rush,USAO,4 10 14 16 0 0 10 14 16 0,QbD9QQP9bqoD00bQQl8obibP9PloQ9Qo
38191,blow,春風ブローインウィンド,TAG,2 6 10 15 0 0 7 10 14 0,dlqPb1iqPo81qI89816QIoi01b1b0P06
38192,sarf,Sakura Reflection,Ryu☆,4 8 10 15 0 0 7 10 14 0,0Pq6o89llQl10dl8O0DdP6lIO0ib6Doq
38193,etsu,Eternal Summer,北沢綾香,2 6 9 13 0 0 6 9 13 0,Qb6PqOQO8Qd8i91D018olPiD01PbQ061
38194,senn,千年ノ理,猫叉Master,3 6 9 12 0 0 6 9 12 0,D0Qb898oqblPoP68PPq1o9i9dI9o0D9i
38195,pure,プレインエイジア -PHQ remix-,PHQUASE,5 7 10 13 17 0 7 10 13 17,dDlDPddq08iD8IOb9I1PbODP9696966D
38196,obor2,朧 (dj TAKA Remix),HHH×MM×ST,3 5 8 12 16 0 7 9 13 16,oPP1Pdl6Qdlb8oq10PP1doDibdbbl9bl
