song_id,basename,title,artist,diffLv,eamuse_id
37780,bere,ビューティフル レシート,Lucky Vacuum,4 8 10 13 0 0 7 10 13 0,Qb1db18qP1Ib6liPI1668Pq8QPb0QO09
37781,rebo,REBORN MAGIC,seiya-murai meets “eimy”,2 4 7 9 0 0 5 7 11 0,8qPoPbql190Pi9086ildIlQOqlPoQdP9
37782,amal,Amalgamation,Mystic Moon,3 7 10 13 15 0 7 10 13 15,dbD8PlibPqqdI99901obObb6odqD8qDl
37783,newb,New Beginning,Sota Fujimori,3 5 9 11 12 0 6 8 11 12,08PO96OlIoQqPdq91Q1Qqlo8lPidbPP8
37784,feve,Fever,Sota F. feat. Carol Gadsden,2 4 7 9 0 0 4 6 9 0,qOdib0OIO1qOdiQiOi9qIiQiO91idbQq
37785,trbe,Tribe,猫叉Master,2 5 7 10 13 0 4 7 10 14,PlIiPiPoI9DIbPdIPoqQlIq61Pd8QIDo
37786,dorm,Resurrection,Dormir,2 5 7 10 0 0 5 8 10 0,PbQ8Q9ol09I18IIb0d6iO8i9ODID10iO
37787,ioio,I/O,Ryu☆,2 4 7 11 0 0 4 7 12 0,q9oQ1Pid9OiIDO66Pd19blOi09019i98
37788,prog,Programmed Universe,kors k,2 5 9 12 16 0 5 9 13 16,Pld9iO6oi9qlDD08l8QDdIi6d6Q6iDd1
37789,toho1,Tohoku EVOLVED,2.1MB underground,6 10 14 17 18 0 10 14 17 18,OddDoQ6dqi0QdQDDOO6qlO08d8bPbli1
37793,litp,LOVE IS THE POWER -Re:born-,NM,3 6 7 10 0 0 6 7 11 0,6dqPOId9Od11Il90QO0q9iQI6d68IolD
37794,merm,Mermaid girl,Cream puff,3 4 7 11 12 0 5 8 11 12,61QQi8i9Iliq66IOq1ib888b666o08O8
37795,sigs,SigSig,kors k,3 6 9 12 10 0 6 9 12 10,qoDOoP99lq8bd19iqiloObQDqD8QbOq0
37796,tenj,天上の星～黎明記～,TЁЯRA,2 5 8 12 0 0 5 8 12 0,OQbPdOIo6dPPIq6d8qid6DbPP0q991i6
37797,shiz,雫,あさき,2 5 9 12 0 0 5 9 12 0,oQ8oqddQOObiq0ldo68i1d6o1IidObi6
37798,mesg,message,dj TAKA feat.flare,2 5 7 11 0 0 3 7 11 0,1OlD9Iqb9Oqol09dDi6iiQ9Iod1oP0il
37799,fwer,FLOWER,DJ YOSHITAKA,3 7 10 13 15 0 6 9 13 15,q08PbOPPbPobob0OII096bP9iil9908D
37800,sumi,隅田川夏恋歌,seiya-murai feat.ALT,3 5 10 12 16 0 6 9 12 16,ibI69PPO1iP0D1IlI0bb11QOq6081POo
37801,alst,アルストロメリア (walk with you remix),TAG,3 6 8 11 13 0 6 8 12 13,8bQQ0lP96186D8Ibo8IoOd6o16qioiIo
37802,ryor,繚乱ヒットチャート,ギラギラメガネ団,2 5 8 13 0 0 5 8 13 0,oQ9QDQ6I9oo9DP8Oi86id61o9Pbbl9bD
37803,chro,Chronos,TAG,2 4 8 12 15 0 4 8 12 15,P8DQP9QIioPdi9IO6q0100PlQOIl86I9
37810,cbtm,COME BACK TO MY HEART,Another Infinity feat. Mayumi Morinaga,2 5 8 12 6 0 5 8 12 6,ilqiIlDdiQQ0oOIP8bPobDQqP0O90Q08
37811,toky1,tokyoEVOLVED (TYPE1),NAOKI underground,6 9 13 16 0 0 9 13 16 0,DIDd9l0dbi1QdQ89I6Do9bolDqdb1dPO
37812,toky2,tokyoEVOLVED (TYPE2),NAOKI underground,6 9 13 16 0 0 9 13 16 0,i0b0118q8D1QlQbIbli0P0IQ0QP08QdO
37813,toky3,tokyoEVOLVED (TYPE3),NAOKI underground,6 9 13 16 0 0 9 13 16 0,6OOd69q0oP8iblIIb08OQO9dq9oIq8i6
37814,nyev1,New York EVOLVED (Type A),NC underground,4 9 13 16 0 0 8 13 16 0,II68b0dooOIOlOiq0iQO18blDd6b9O9D
37815,nyev2,New York EVOLVED (Type B),NC underground,4 9 13 16 0 0 8 13 16 0,61P0I66id16QIi08Q1918PlldOOiooql
37816,nyev3,New York EVOLVED (Type C),NC underground,4 9 13 16 0 0 8 13 16 0,Od8ld9bQQPDddIqDQ1PloOOdQ0IQo0O9
37827,suca,Sucka Luva,Harmony Machine,2 5 8 11 0 0 5 9 11 0,P8od0Q9DO8i9dl881oPQQIOIIq1Q9Oi9
37828,chil,Children of the Beat,Harmony Machine,3 7 9 11 12 0 7 9 10 13,dd80OooqdOIi9O60i91PDdIPIbIiiD66
37829,dimo,Diamond Night,TOMOSUKE feat. Alexa Slaymaker,3 5 8 12 14 0 5 8 11 14,QD6b8i08P1IQloIPOPiqlIPoDlPi9DPI
37834,sumf,Summer Fairytale,Design-MAD crew,2 5 7 9 14 0 5 7 9 14,i90o9Q0D91bb0Q6qIQ1OiDqqiPPP98oI
37836,saya,SAY A PRAYER,Des-ROW Ft. Maxi Priest,2 4 6 8 0 0 4 6 8 0,8QPioDo6lIDdq861DDooq1O9dqdOOPiD
37840,twin,TWINKLE♡HEART,jun,2 4 8 11 10 0 4 8 11 11,lo6bOoq86d9od6qQ9PiPibOioOQb96lP
37859,revo,REVOLUTIONARY ADDICT,TAG underground,3 7 10 13 16 0 6 9 13 16,O0Id19qQlDibiDdIP90o81bOo16qbQ0o
37860,gofo,Go For The Top,U1 overground,6 8 12 15 18 0 8 11 15 18,11dQb0qIdbO098ObDqOQQ8Ili9Il0lOd
37861,keyc,KEEP ON MOVIN' (Y&Co. DJ BOSS remix),N.M.R,2 6 9 14 0 0 6 9 14 0,88o0qb8Ii1ldPlDQQdoq90dOd0PoO99d
37862,puda,PUT YOUR FAITH IN ME (DA's Twinkly Disco Remix),UZI-LAY,2 5 8 13 0 0 5 9 13 0,bllQi9boq8qobOQDOD6QDio9lii8109i
37863,trxa,TRIP MACHINE (xac nanoglide mix),DE-SIRE,4 8 12 16 0 0 8 12 16 0,l9OQPi0do19dQPO8ilq0QDbll8P8Ib6O
37864,brak,BRILLIANT 2U (AKBK MIX),NAOKI,3 7 11 15 0 0 8 11 15 0,6l0iQ18D0I00P89lIqI8bl9biIOi018O
37865,paks,PARANOiA (kskst mix),180,4 9 13 17 0 0 9 13 17 0,dQPPd10QO9d8IiOiIi8iDD1Qdq8lQli0
37866,anot,Another Phase,TAG,4 7 11 15 16 0 7 11 15 15,9O1O0o8O1qbQ08Q961Ib1iOIDPQid109
37867,sota,Blew My Mind,Sota F.,4 9 12 16 18 0 9 12 16 18,8IdlOq1qI8OO1PP88I6olPiI6IqqqIIO
37868,scho,heron,S-C-U,3 6 9 12 13 0 6 9 12 13,DibOOIOD1id66O0DqOQ61O6I9bIIQQ0q
37869,nblw,nightbird lost wing,猫叉Master+,3 7 10 14 0 0 7 10 14 0,ib0l98Q00O1Do9oQq1IQOOqQOOb80bIo
37870,bedr,Beautiful Dream,REDALiCE feat. anporin,3 7 9 12 15 0 7 9 12 15,d18DI8bO1lql60Ol1dqQlI8qIobl191P
37871,yaco,Condor,Remo-con,2 6 9 13 15 0 6 9 13 15,1Ol1i86OQd61IlqPb9O1060l0OQDoDQI
37881,snpr,snow prism,Qrispy Joybox,3 6 9 12 16 0 6 9 12 16,OQbdD9iD898Q01oIddDliq8q9D1QlQ1I
37882,koen,紅焔,PON,3 6 9 12 15 0 6 9 12 15,bo9l0Dl0PbqQQQ16Qq6bOOi68o0996Pq
37883,cosh,Cosmic Hurricane,TAG,3 6 9 13 15 0 6 9 13 15,dO9b8Id9QQ8DOO69Q0lqi6O9QlDPIPl9
37884,rens,恋閃繚乱,2B-Waves,2 6 8 11 15 0 6 8 11 15,lOb8O16P9P81olPdI1o1Dl9I6QQoIqIP
37885,yama,ヤマトなでなで♡かぐや姫,ロマンチック♡Prim姫,2 6 8 11 14 0 5 8 11 14,Q8Q6d00DoIiPolOb9PIO0Pll96O0I1qD
37886,airh,Air Heroes,Darwin,3 9 11 15 18 0 9 11 15 17,6obQo6d0oQ6QoQql0I60b81IO8IOl1IO
37887,elys,Elysium,nc ft. NRG Factory,2 5 8 11 13 0 5 8 11 13,b60odbPO1IQd6d0qPIi1dQODq16i9811
37889,zutt,ずっとみつめていて (Ryu☆Remix),DJ UTO vs. Starving Trancer feat. Mayumi Morinaga,2 7 9 12 15 0 7 10 12 15,80d8obPdlobP9qlqiDb01999o01q6DdP
37893,span,Spanish Snowy Dance,Mutsuhiko Izumi,3 7 11 15 17 0 7 11 16 18,bo6PqbbPQ6D096OIP6dDPbPPiDi88609
37894,chew,ちゅ～いん☆バニー,阿部靖広 feat. Strawberry Wink,3 6 8 10 13 0 5 8 11 13,lIQ1608o9O6bdoPO0ooi8io8i6q6bO1b
37895,negr,New Gravity,Starving Trancer,3 6 9 12 14 0 6 9 12 14,PdqQ0oO8lIOi800i69I9100olb9Q6D8Q
37896,stoa,Straight Oath,矢鴇つかさ feat. 三澤秋,3 8 11 13 15 0 8 11 14 16,oDD1DQ161816dd9Dl8IioOoi9OQdO01O
37897,soth,south,Wall5,2 5 8 10 10 0 5 8 10 11,i86bPlP6ioldqb1OqPqidboqqQ8dQqdl
37900,sthe,Starry HEAVEN,Royz,2 5 8 10 13 0 5 8 11 12,oQPdiPPdQO1Ob6DqDi0l0q0PDP06QlO0
37901,acwo,ACROSS WORLD,Royz,2 4 8 12 14 0 4 8 12 14,o81iq91q6lI6OODP9Pb9OboDlQD9Q08d
37902,joke,JOKER,Royz,2 4 8 11 14 0 6 8 11 14,bQI1dIlIObIIQood96O9q9iO8li11OO9
37905,mura,Qipchāq,world sequence,3 5 8 12 0 0 5 8 11 0,diDO6qoqo9li6qDdidDiqO9bi8lOP8ib
37906,iman,IMANOGUILTS,Mystic Moon,4 8 11 14 15 0 8 11 14 15,Q8qb1oQobdqDqi0i19qqb11P1oDoiD8O
37907,mobu,Monkey Business,kors k,3 7 9 13 16 0 7 10 13 16,bD1DbibPIq9IIlQd0OIIl0o91QI1il69
37908,wisi,WILD SIDE,Tatsh,3 7 9 11 13 0 6 9 11 13,I81iP0Io9o1l9li0Iq99P1091O8DoDOd
37910,meum,めうめうぺったんたん！！,日向美ビタースイーツ♪,3 6 9 12 16 0 6 9 12 15,db1DlQ9qqI8PiqPD6q88O1P8PDbP11dq
37912,elem,Elemental Creation,dj TAKA meets DJ YOSHITAKA,8 11 14 17 18 0 11 14 17 18,OiIOPd80d9PQQIbidO6ObioboO88OD9l
37913,raki,ラキラキ,Mutsuhiko Izumi & S-C-U,2 7 10 13 0 0 7 11 13 0,0bDqIO9Q0PPIPlPll1D8Pbol9O6DlPdb
37914,seit,晴天Bon Voyage,TOMOSUKE × seiya-murai feat. ALT,4 7 9 12 0 0 7 9 11 0,I8diIQiPO90qDD60oQ0o669I99dI69DD
37915,stul,STULTI,MAX MAXIMIZER VS DJ TOTTO,4 9 12 15 0 0 9 12 16 0,oo6iiQQbqQ98D9oP6OQPibIqIPd66Qb0
37916,niji,虹色の花,Akhuta y OJ,3 5 8 11 0 0 5 8 11 0,Dl690bPIlIq0Ol1PdPbb9QO0I66lIqO0
37917,okom,お米の美味しい炊き方、そしてお米を食べることによるその効果。,大日本鉄倶楽部【あさき＆９６】,4 8 12 16 0 0 8 12 16 0,9I00D9Id61iD6QP8i8Dd6698PoQ9bdi9
37918,sous,創世ノート,PON+wac,2 8 10 13 0 0 8 10 14 0,9obIQOP8O1l0PQ0Oi1oPQI198o0Pd81o
37919,synf,Synergy For Angels,TAG×U1-ASAMi,3 7 10 14 0 0 7 10 14 0,b9IoO68b1Qd9I6O8qqoo6q1o8DQ8l9lo
37920,empa,Empathetic,Sota÷Des,4 7 11 14 0 0 7 11 14 0,1i10oIqlooQbOqO9qiodbIliilP1I06b
37921,gaia,GAIA,猫叉L.E.D.Master+,3 10 13 16 0 0 10 13 16 0,idIibqoooOlQ1DId8lOidd6il0bdoql8
37926,dind,Din Don Dan,Ryu☆ feat.Mayumi Morinaga,2 5 7 10 12 0 5 7 10 12,1i81dQboQ91QbdO9d6bQ1Pi00dPP01li
37927,kara,からふるぱすてる,ki☆ki,2 6 9 13 0 0 6 9 13 0,id1lodDbo0Iq9088Qd19d1OlDPP01D8o
37928,kike,キケンな果実,達見 恵 featured by 佐野宏晃,2 6 9 13 0 0 6 9 13 0,i89IO1PPOl0boOol0bQI19Q9liQ0l6O1
37929,chin,Chinese Snowy Dance,Mutsuhiko Izumi,4 7 12 16 0 0 7 12 16 0,P8obb0oQq1lbb6Do01PPDI1o8ooO6Pb0
37930,rryu,Right on time (Ryu☆Remix),Ryu☆,2 7 9 14 13 0 7 9 14 13,q11d0oiQIlbP91dqqddPq9D80lbODbDi
37931,revn,RЁVOLUTIФN,TЁЯRA,3 7 11 14 17 0 7 11 14 17,IPq8dO1lD8qidDlI0ObboI9IIldQO6IQ
37932,nagi,†渚の小悪魔ラヴリィ～レイディオ†,夏色ビキニのPrim,3 7 11 16 9 0 7 12 16 9,q0QIob1PDI6IP86dlPb6I6il9d6bP606
37933,pran,PRANA,TAG,4 8 11 14 16 0 8 11 14 16,P0iOob80dDPqI8oIqq1dOiDd9qilQqDl
37934,twog,The Wind of Gold,kors k,3 7 10 14 0 0 6 10 14 0,Dbdi9P91PQl660llPQO0l86oDqi1O9Ob
37935,swra,Sweet Rain,Y&Co. feat. Karin,3 6 9 12 0 0 6 9 12 0,DbibObDP860iqI11POiqQDD0i8PPOibd
37936,magn,Magnetic,Sota Fujimori,3 7 11 15 17 0 7 11 15 17,18l0blb188Oqqi8I68o8oq91Qbq86QDi
37937,fuuf,フー・フローツ,Nanako,3 6 9 12 0 0 6 9 13 0,0Qb8PDoQ06Q66obPI1P988oI61ioPb6l
37938,sola,sola,小野秀幸,2 5 9 12 0 0 5 9 12 0,dPbOQdio1OI8OOI6OlOIqI1Ii18i8ID0
37939,ostt,Triple Journey -TAG EDITION-,Triumvirate,4 8 12 16 18 0 8 12 17 18,lDOPd60Q9obl6D0q8qqdQi9lioblD1db
37940,ckpp,ちくわパフェだよ☆ＣＫＰ,日向美ビタースイーツ♪,4 7 9 12 14 0 7 9 12 14,biqbD9I9q9D16i0i1Idb9d111l1QDq86
37941,rint2,凛として咲く花の如く ～ひなビタ♪ edition～,日向美ビタースイーツ♪,3 5 8 11 0 0 6 8 11 0,o91qiqqDi9b6d6l1dQ6qO6oO0QDIlPql
37942,wwve,Wow Wow VENUS,VENUS,2 4 8 11 16 0 5 8 12 16,Qo1qdD0Q9d11d9Id6o09P9id8lPbOQ6o
37943,wifa,Windy Fairy,DJ TOTTO,2 7 11 15 0 0 7 11 15 0,8bI68oIq08d99P880bDPQ9D80O099Q10
37944,prte,printemps,Qrispy Joybox,3 6 10 13 0 0 5 10 14 0,1PoOQPd0D01Q9O0doiQQQ8D8Q096bDq9
37946,stel,Stella Sinistra,Akhuta Philharmonic Orchestra,4 8 12 15 0 0 7 12 14 0,OPQQo1idQoqOq88lIPOQo6DooiP8QO9d
37947,miga,マインド・ゲーム,96 with メカショッチョー,3 7 10 14 0 0 7 10 15 0,0ddPq801D8PiiqO1oqoQbdOIQ9lQl11o
37948,puni,PUNISHER,TAG×PON,3 6 11 14 0 0 6 11 14 0,IIDiDdQ1d6bIqbld9IdO106POdiPO6PO
