song_id,basename,title,artist,diffLv,eamuse_id
37949,hyen,HYENA,Hommarju,3 6 10 14 0 0 6 10 14 0,6Oi66iq9bqi8bDI6l6lPdqDObo1i9lDl
37950,koih,恋はどう？モロ◎波動OK☆方程式！！,あべにゅうぷろじぇくと feat.佐倉紗織 produced by ave;new,4 7 11 14 0 0 6 11 14 0,qilOP8l6bDPi98lqDbO6O1obOi068QOQ
37951,trbl,True Blue,dj TAKA feat.AiMEE,3 7 11 16 17 0 6 11 16 17,D9lq0DioIl9D6ll0d61990DP9qPPb1dP
37952,dail,Daily Lunch Special,Lucky Vacuum,3 7 10 14 0 0 7 10 14 0,ldlqDQ0bb8d9do86o898P0qo1OlD88qD
37953,vega,VEGA,REDALiCE,3 7 11 14 0 0 7 11 14 0,d1dPPII1o69IlI0d0DlPi1i1idbdPD6O
37954,deba,デッドボヲルdeホームラン,猫叉Masterβ2,3 6 9 13 0 0 5 8 13 0,lQ86Pod1b9oI8OiDDoId099di9OI8d9I
37955,sque,Squeeze,VENUS feat. Mutsuhiko Izumi,4 6 9 15 0 0 6 10 15 0,D9I8d1PDOQ8QqP1o1IIi0o8d6660ddOQ
37956,yaky,野球の遊び方　そしてその歴史　～決定版～,あさき大監督,3 6 9 14 0 0 6 10 14 0,1dq6Oq918dIQb1doqQdbiPPPO9lIdl0P
37957,todo,轟け！恋のビーンボール！！,ダイナミック野球兄弟 v.s. クロスファイヤーPrim,3 7 11 16 0 0 6 11 16 0,II8Dlo69PoPOII9P88qdlQPP8I61DlDo
37958,ixix,IX,dj TAKA VS DJ TOTTO feat.藍,5 11 14 17 18 0 10 14 17 18,00obPO6oPIPOoD9qb0dIl6q6D8P6o9bI
37959,hosh,星屑のキロク,小野秀幸,3 6 9 11 0 0 6 10 12 0,dP88i6I9b9QPQDPPO90POOIo0Il6QloI
37960,disp,Dispersion Star,ZUKI,3 5 9 13 0 0 5 9 14 0,6i000qlo9PD9oi9I9Qb990D6D9i19699
37961,engr,Engraved Mark,Ryu☆ ∞ Des-ROW,3 8 12 15 0 0 8 13 15 0,lb19I8d0DPb88QDQlP616lDqoboli90O
37962,rola,Romancing Layer,TAG,2 6 11 14 0 0 6 11 14 0,iQqbdqOlqlPP11d1qI8lO6iQb19dO991
37963,reve,esrev:eR,TAG meets “eimy”,2 5 9 13 0 0 5 9 12 0,qPDQbQ6lOqqbI9Plb6o9lld0ddIP8oiP
37964,aeth,ÆTHER,TAG underground,6 9 14 17 0 0 10 14 17 0,l6d0ibbliQPQDdb1lP18D9qbPDi1698b
37965,doth,Do The Evolution,TAG feat. ERi,2 4 8 10 0 0 5 9 13 0,lPDqbq6OIb810i8bqIo1i1olol1OlP9l
37982,dete,Determination,柊木りお,2 5 8 14 0 0 6 9 14 0,QPol19bIb009IDOPildbi1QPdPlO0dq9
37986,miku,MITOれて！いばらきっしゅだ～りん,水戸ご当地アイドル(仮),2 6 9 13 0 0 6 10 13 0,Db9DllQooo6lqQdl6Q6OD6q066i1IdOO
37987,miso,LoveLove DokiDoki,水戸ご当地アイドル(仮),2 6 10 12 0 0 6 10 12 0,IPOq96Qo911IdQbdqIo0I816i6O86ioO
37988,setu,セツナトリップ,Last Note. feat. GUMI,3 4 10 14 17 0 4 10 14 17,IQ0ID09qD6O1oOdIq0oilI8I8l9DlP9b
37989,raku,ラクガキスト,cosMo＠暴走P feat.GUMI,4 7 10 13 16 0 7 10 13 16,D08qoOdPd8iOO916bOPIIIdqPP6O00iP
37990,bamb,バンブーソード・ガール,cosMo＠暴走P,2 7 11 15 18 0 7 12 15 17,160Oo1q8DolI6068lQi66OQbQ9Q8ODQI
37991,gens,幻想系世界修復少女,Last Note.,3 6 9 12 0 0 7 9 13 0,QlID98Ddoi6O8lP8IQd6iid610011l60
37992,idol,Idola,iconoclasm feat.GUMI,3 8 12 16 17 0 8 12 16 17,1I9ODbQ81qi1006QoQI6d6dbd9iiPD9O
37993,dkdk,ドキドキ☆流星トラップガール!!,流星トラップボーイズ,3 6 9 14 0 0 6 10 14 0,QoId0biOD18610ii0DDP61QqOl6qq86q
37995,ssst,second spring storm,Spacelectro,2 6 9 14 0 0 6 10 14 0,d1bQ1iIb0I1PoPOQqliIo9PiQQb1119d
37996,cleo,Cleopatrysm,ピラミッ℃,4 7 11 15 0 0 7 11 15 0,d91lIllbboPd668QP88I06Q6QqooQiO1
37997,osen,御千手メディテーション,昇天家族,4 8 12 15 0 0 8 12 15 0,ilD80b8QQl9Qo0PP0lQ00b8bO9Oqoobo
37998,cody,KHAMEN BREAK,くふおー,3 7 11 16 0 0 7 11 15 0,Qq8bbbqO6qQ1DPODd16oi1QDQoQ9b8DO
37999,foto,Follow Tomorrow,HHH×MM×ST,2 5 8 11 14 0 5 8 12 14,ObI1oo6QlO981880DDDOlo8bQobI0I9P
38000,fuji,FUJIMORI -祭- FESTIVAL,VENUS,3 5 9 12 0 0 5 8 12 0,I0Ql0Di1qD6i0Qq1ql0qPb19q0IQ6iO9
38001,adul,Adularia,DJ TOTTO,3 6 10 14 0 0 6 9 13 0,IQ6I61i1b0Ob01QiQlld8o09iIQPoPOl
38002,noil,Nostalgia Is Lost,U1 overground,3 7 11 15 0 0 7 11 15 0,iI96000Ib9DlIOPlDQIO00oDiO9DbPI0
38003,joma,JOMANDA,DJ YOSHITAKA,4 8 12 15 17 0 8 12 15 17,dDQqqIQlDQ9POd90OPl9Dd1i106odDl0
38004,nage,嘆きの樹,金獅子,4 8 12 16 18 0 8 12 16 18,Pi69o0idP1obO9QDqIDbPdqlb90q8Dq8
38010,syak,灼熱Beach Side Bunny,DJ Mass MAD Izm*,4 8 11 15 18 0 7 12 15 18,6dO6i9qq601D8ild9QIlbO8bodbiQ1Pl
38011,awao,阿波おどり -Awaodori- やっぱり踊りはやめられない,U1 ミライダガッキ連と矢印連,5 9 12 14 0 0 9 13 15 0,1d9lDIl6iiiD0D0d8qd6dlDlq6P8o0QI
38012,ssca,SPECIAL SUMMER CAMPAIGN!,Lucky Vacuum,2 7 11 15 0 0 7 12 15 0,9DI8iOP0660lb968I6Oiiid6DQ68IbOO
38013,mine2,starmine,Ryu☆,3 7 11 15 17 0 7 11 14 17,l666Dd0bIO9O69boPd898b19bPDo1IdO
38014,stfa,Starlight Fantasia,TAG,3 7 11 14 0 0 7 11 14 0,bb9lOdO0Pbb1qOIb1oQq8lPlI9i6IP8q
38015,endr,エンドルフィン,U1 overground,4 8 12 15 0 0 8 12 15 0,oQolO9oOO01ll0I8969i8O1IQliloDqP
38016,eltr,Electronic or Treat!,PON,3 7 12 15 0 0 7 12 15 0,li0IboIqq8qddDP0Oi1Q9i8OPoD88IQl
38017,xmas,Thank You Merry Christmas,VENUS,3 5 9 12 16 0 5 9 13 16,IPDid8ii1iQb19lb6iqOi91O0il018Ql
38018,peit,Plan 8,Ryu☆,4 8 11 14 18 0 8 11 14 18,6oI9d9lO6Q0iDD8dIIO08qIODiqiIqDl
38019,czgt,クリムゾンゲイト,工藤吉三（ベイシスケイプ）,3 7 10 13 16 0 6 9 12 16,q6iD8idqo69qIPl00IQidoq1o1o1d1b9
38020,wada,海神,兎々,3 8 12 16 18 0 7 12 16 18,P0IoP69l6q08q8DoPD1Q8bqq099Pi1iP
38021,fksb,FUNKY SUMMER BEACH,P*Light,3 6 10 14 17 0 6 10 14 17,9i6dOd608qb0IlqoDIPb8q1o8q1ddQQd
38022,rema,Remain,ZERO+ZIBA,5 9 12 15 18 0 9 12 16 18,qo6l9dbb8D0iDQI1odo0Qb9O1ibDdoIb
38023,akhu,Truare!,Akhuta,3 8 11 16 0 0 8 11 16 0,bilO9D91P1lo81oIDP6qOoqdDdQdoDlP
38024,gogo,Go↓Go↑Girls&Boys!,松下feat.Sota & wac,3 5 8 11 0 0 5 8 11 0,DPo0bi8Dibli118P6D981oQIPPQI01lo
38025,poss2,POSSESSION(EDP Live Mix),TAG underground,3 9 12 16 0 0 9 12 16 0,o1Od8IPqddIP0oIPod81PDodPo1qo88o
38026,chea,chaos eater,猫叉Master+,6 8 12 16 0 0 8 12 16 0,1iQIIPdQQOOlP9l90oPdIi60D9OOlqoQ
38027,kuro,Samurai Shogun vs. Master Ninja,96,3 7 12 15 0 0 7 12 15 0,9iOoPoQ998qD66DoOOOqD9oDQD88P8I0
38028,sabl,Sand Blow,肥塚良彦,3 7 12 15 0 0 7 12 16 0,QiQi666Qd9I6d1899iii80PdQdDlO1i1
38029,sedm,Destination,Sota F.,4 9 12 15 0 0 9 12 15 0,9dD6dlq01qd80loD6OOQb60ql6P6068O
38030,hlye,HAPPY☆LUCKY☆YEAPPY,DJ ミラクル☆ストーン,6 10 13 16 18 0 9 13 16 18,ol6IDd019O0qq8dblPQ96ol1oPbI990b
38031,egoi,EGOISM 440,U1 High-Speed,9 10 13 18 19 0 10 14 17 19,9i0q91lPPiO61b9P891O1i86iOP1I08O
38032,ovtp,Over The “Period”,TAG underground overlay,8 12 16 18 19 0 12 16 18 19,6bid6d9qPQ80DOqiidQQ891o6Od8801l
38033,orrs,乙女繚乱 舞い咲き誇れ,日向美ビタースイーツ♪,4 7 10 13 0 0 7 10 13 0,i91q8l0bbi8qll000ob6qDiQP891iiql
38034,niko,滅亡天使 † にこきゅっぴん,日向美ビタースイーツ♪,4 6 9 12 0 0 6 9 12 0,Qq6D900bD60PddqqbdQb96Pd60918100
38035,mrps,ミライプリズム,ここなつ,2 4 7 10 0 0 4 7 11 0,811o6o1QPP0lPiolI1ObiD99l08o1dQl
38036,hbfo2,HEART BEAT FORMULA (Vinyl Mix),TAG (Realtime Remix by U1),4 8 11 13 0 0 8 11 14 0,qObI8DOldoqob8OQD6Dqdiob0dIb0ll9
38037,pran2,PRANA＋REVOLUTIONARY ADDICT (U1 DJ Mix),underground & overground,5 9 13 17 0 0 9 12 16 0,D8q1ObblD0i6liQ0OD6OdD0qIo9oPldb
38038,stfa2,Starlight Fantasia (Endorphins Mix),U1 overground feat.TAG,3 8 12 15 0 0 8 12 15 0,1QqObIQPDOq6bI6iOqDiiI66oDQQidlb
38039,asai,朝色の紙飛行機,かめりあ,2 5 9 13 0 0 5 10 13 0,918oPDQDoPlD1OlqlqQI08I6dD9iqoil
38040,mayu,M.A.Y.U.,Ryu☆ feat.MAYU,2 6 8 13 0 0 6 8 13 0,o96i9P9iO9o0DdbPb9bbQ66DqDq88Db1
38041,onna,女言葉の消失,Sota Fujimori,3 6 9 13 0 0 6 9 12 0,0Ib6qIb0iPOoQqqDIl90dP0PI0o9QlDd
38042,awak,AWAKE,柊木りお featured by TAG,3 5 10 13 16 0 6 10 13 16,lQ1QDdooiOO9QPo8q91iD1IqI8Po9ODl
38043,scar,Scarlet Moon,REDALiCE feat. Ayumi Nomiya,2 5 9 12 0 0 5 9 12 0,oQ1PPlOd8Ilb8I1I6biqO0lQPIoOldP1
38044,strg,Struggle,Masayoshi Minoshima(ALR),4 6 10 13 0 0 5 10 12 0,1idIoi66ll806D8ddldOQi8bdiDO0Oil
38045,home,ホメ猫☆センセーション,P*Light feat. mow*2,4 6 10 13 0 0 6 10 13 0,DoQi6oPoD9DlO0898oo0ol0qoo6891Db
38046,ayak,妖隠し -あやかしかくし-,DJ TOTTO feat.3L,4 7 11 14 0 0 7 12 15 0,06O0ObdQobq86lPDo6P18dQ1QPdilIQO
38047,choc,チョコレートスマイル,日向美ビタースイーツ♪ & ここなつ,3 6 9 12 0 0 6 9 12 0,iQP6PI8oDQi1OPQObDQO1IIP9I8i0I1o
38048,bibi,ビビットストリーム,DJ TOTTO,4 6 10 13 0 0 6 10 13 0,1qdb8P8il9li6DOdPolq9d0d9Q6898oi
38049,baku,爆なな☆てすとロイヤー,ARM feat. ななひら,4 7 11 13 0 0 7 10 12 0,lO8O011qIqioPDi9d0oib09DDDPIbqOI
38050,totu,突撃！ガラスのニーソ姫！,山本椛 (monotone),4 7 11 14 0 0 7 11 14 0,q1qI0QibDDP6oPdl8DlIlPo80DqDd66P
38051,dopa,ドーパミン,U1 overground,7 10 13 17 0 0 10 13 18 0,QoODOoqDli0bOoqqDo8ODo1lDI9llblo
38052,papi,パ→ピ→プ→Yeah!,ヒゲドライバー join. shully & Nimo,3 5 10 13 15 0 6 8 13 16,668Q8qQdqoIQQiIQOilDqd8lDOOQ8bDQ
38053,sakm,Sakura Mirage,Ryu☆,4 7 11 14 0 0 7 11 14 0,QQd9l19POblQdPdd61OD808DQ1qOQ9dl
38054,tenk,天空の華,S-C-U × U1 overground,4 6 11 15 0 0 6 11 15 0,D68PQib86POo9D6O8Q0qO8bD6bDb1bdl
38055,intb,In The Breeze,96 & Sota ft. Mayumi Morinaga,3 5 9 11 14 0 5 9 12 14,o1dbD61Qi98O60liQQ91d8O16I86dqDd
38057,sumd,夏色DIARY -DDR mix-,猫叉王子 feat. TAG,3 7 10 14 0 0 6 11 15 0,iIPq9q8PQDDObo610oQoi0ob96PDi8li
38058,ondo,ON-DO,PON×U1,3 8 12 14 0 0 8 12 14 0,l6oP66ODld89Q99o0lDPP90qdbo11PPQ
38059,yaoy,8000000,kors k,4 7 10 14 0 0 7 11 14 0,Dd98lDdo8Ob698d9qbO9iD0PqO19oQbI
38060,tsub,TSUBASA,柊木りお featured by TAG,2 6 10 13 0 0 6 9 13 0,o9Ib8bob6b9qIDq1d09bq8q1I06Odi90
38061,nekn,neko＊neko,日向美ビタースイーツ♪,2 5 9 11 14 0 3 9 12 13,Po09DbIQ9QPoboQi0900lbbOqDoPbIod
38062,geki,激アツ☆マジヤバ☆チアガール,日向美ビタースイーツ♪,3 6 9 13 15 0 5 10 12 15,Pd1d96Q91oiboqb86DdddD68dbq81Pdo
38063,shik,漆黒のスペシャルプリンセスサンデー,日向美ビタースイーツ♪,4 8 11 13 17 0 7 11 13 17,OoQoQIP06Doq1d88dDQQdlQ8i68Do9DO
38064,hnmr,はなまるぴっぴはよいこだけ,A応P,4 7 10 12 0 0 6 10 12 0,6doo1dQ16Ol86oIbQ19PPldI8lIbP0OI
38065,tiho,地方創生☆チクワクティクス,日向美ビタースイーツ♪,2 6 10 13 16 0 7 10 13 17,91dD6iqPO066do99169POPbQPbo9o6oq
38067,edsm,Electric Dance System Music,U1 overground,2 5 10 14 0 0 6 10 14 0,96Qo1idlD9o8q9qIdiDl18l0O06Qo108
38068,yeye,Yeah! Yeah!,CLUB SPICE,2 6 9 12 0 0 6 9 12 0,8OPDQ1oQIOPdqqD18oo0lQ8OQOIbbDoP
38069,huia,HANDS UP IN THE AIR,U1,2 5 9 13 0 0 5 9 13 0,8OIqIi996QI18Oo0q8iiiO8bbb6dI1l6
38070,strn,STERLING SILVER,TAG,4 6 10 13 0 0 6 10 13 0,ooo6qID66I6191bQib1QQdlPoio6Iodl
38071,strn2,STERLING SILVER (U1 overground mix),TAG,4 7 11 14 0 0 7 11 14 0,oqPii6QDdPOI6lDDQ96DOI8ill61bobd
38072,newc,New Century,Sota F.,4 9 14 17 18 0 8 14 17 18,o068b00O6QD8lo9O1i9PbQlqO6IQOidD
38073,sans,チルノのパーフェクトさんすう教室 (EDM REMIX),uno(IOSYS),2 4 10 13 0 0 5 11 13 0,Q96Qo0qbQ81odQoqPOOQ98oDbo6Pb1IO
38074,edmj,イーディーエム・ジャンパーズ,かめりあ feat. ななひら,3 5 8 12 0 0 4 8 11 0,61oIP0QIlO90d18ObDP1Dii6PoIQoOD8
38075,tnaw,The Night Away (MK Remix),Starving Trancer feat. Mayumi Morinaga,3 5 9 12 0 0 5 10 12 0,0Ob1601118Dii9Qdii9lPbioPP6qoi1I
