song_id,basename,title,artist,diffLv,eamuse_id
389,gher3,HIGHER(next morning mix),NM feat. SUNNY,0 0 0 0 11 0 0 0 0 11,8DQDq16PPlli6o9iDl11DqooqOPlOb08
390,summ3,MY SUMMER LOVE(TOMMY'S SMILE MIX),MITSU-O! with GEILA,0 0 0 0 12 0 0 0 0 11,d99P0I1i960QO0oolD6oQIO8OObO9Plb
411,vani,VANITY ANGEL,FIXX,3 4 9 12 0 0 5 9 12 0,DDqDDqDQ1Db60IiIDbIl6Pd8DPOq0q06
414,jamm,Jam & Marmalade,FinalOffset,3 4 8 11 0 0 5 8 10 0,IoI10obli6qd9DI699l61Pq16P9bboDd
415,logi,LOGICAL DASH,DJ TAKA,3 4 7 11 13 0 5 7 10 13,8O86IP9dqQ8818ld9od8Q0PiDId6666P
420,shin,THE SHINING POLARIS,L.E.D. feat. Sana,4 4 6 9 0 0 5 6 9 0,ODQOP1dblD6q8d160Ioi0dIoQloI6oQO
421,bom2,DROP THE BOMB(SyS.F. Mix),Scotty D.,3 5 7 10 0 0 4 5 10 0,I0b6lIP691dOOI8PqDDlbPid9iO8o0lO
428,mcut,CUTIE CHASER(MORNING MIX),CLUB SPICE,3 3 4 9 0 0 4 6 9 0,doQI0i6lQbOo66DOi6olPqOPqIqO8Qd1
429,suns,LOVE♥SHINE,小坂りゆ,3 6 7 9 13 0 5 7 11 13,qIP6DPdbD9iO86i1DO9qDd8l6dPdbl0P
430,surv,PARANOIA survivor,270,4 9 11 15 0 0 9 11 15 0,O9Id8Qi6OIDIQ6bPi610q0001l1P099q
436,issk,KISS KISS KISS,NAOKI feat. SHANTI,4 5 7 12 0 0 5 8 12 0,qIoDdQ1OOoPO8Q1Io0P168161DODPoqb
437,suga,♥Love²シュガ→♥,dj TAKA feat.のりあ,3 5 7 8 0 0 4 7 9 0,iI8qbP0IIb16Oi9bIbb8O9dbDDi1ql86
438,lamo,L'amour et la liberté(DDR Ver.),NAOKI underground,3 6 9 12 0 0 6 9 12 0,8IIoIQQqlooiI6QD9ldIO6qidP98QP68
439,imgo,I'm gonna get you!,Kelly Cosmo,3 4 7 9 0 0 4 7 11 0,lPoD60qooQ91QDq1qO9d19q9IoDIlPq9
440,stin,Destiny lovers,くにたけ みゆき,3 4 7 13 16 0 4 7 12 16,1diQi81loIodIdOlQ8Pd6Qd8b69Q1DP8
441,thel,The Least 100sec,Hirofumi Sasaki,5 7 11 12 18 0 7 10 14 18,lO68Q0iPIOiOIDDd8dOPoiql9OI81DQ0
442,game,Gamelan de Couple,TOMOSUKE,3 4 7 12 16 0 5 7 13 16,69qoD0l6olQqqbl09b069q898b600I6o
443,jane,jane jana,T.E.M.P.O. feat.Mohammed & Emi,3 4 7 10 0 0 6 7 11 0,8qd9d01dPOq1lOOoPiOIoPobdd1QODPq
445,belo,BE LOVIN,D-Crew,4 5 9 12 15 0 5 10 12 15,P0O81Dl9Oiiid8bdOi0oqbD8DqolObbP
446,ledl,Miracle Moon ～L.E.D.LIGHT STYLE MIX～,Togo Project feat. Sana,3 4 6 9 0 0 3 6 10 0,i9DPi1Do9qoIQid09o1oilodPlDP6doO
447,radu,GRADUATION ～それぞれの明日～,BeForU,2 3 7 9 0 0 3 7 9 0,10oQOoD00O1ql8qD88dI0i0biP69blq6
448,vvvv,V ～for EXTREME～,TAKA,3 5 8 12 13 0 5 7 11 13,Ilo6IboPOq8Q10qDOdDDoO6P989bPPi6
449,aaaa,A,D.J.Amuro,4 5 8 11 12 0 5 7 11 13,oIb699q80OIPdlP0odl6bqbD0PlQodOq
452,colo,Colors ～for EXTREME～,dj TAKA,3 5 8 9 13 0 5 7 10 13,odOQ1d1i6oil81b1QIDP6dOqqdooD918
453,tayy,STAY (Organic house Version),emi,3 4 7 9 0 0 5 7 9 0,6lqoOddiPQ6D6160bOdP116bQdIliII8
454,meal,Kiss me all night long,NAOKI J-STYLE feat.MIU,3 3 6 10 0 0 3 6 11 0,iOqb60DOOolIioDIOPi09P91i8PDiOqq
456,froz,Frozen Ray ～for EXTREME～,dj TAKA,4 5 9 12 0 0 4 8 11 0,IQ9bDo1dPbIo0ODQiObbQ99iP1bOi8iI
459,daik,大見解,Des-ROW feat. TSUBOI for ALPHA,4 4 8 12 13 0 5 8 13 14,I8lidoibqQqoQOqiDi6QiDbP9DIdd989
462,jetw,JET WORLD,Mutsuhiko Izumi,3 4 7 11 14 0 5 8 11 14,1PQdDiqOD6o1b61iiDOoiiblIQbI91Pb
463,wedd,Happy Wedding,ASKA,3 4 6 10 0 0 5 6 9 0,oo8DId90dbDliiQQlQPQQoIq6lPliqo9
464,surv3,PARANOIA survivor MAX,290,5 9 11 15 16 0 9 11 15 16,68iQ9666QIQP1IOQbbd9989DQQ1D0dOl
465,bagg,bag,RevenG,2 7 11 13 13 0 7 12 13 13,9qbdq1PiI1O81P1PdioQli66Ob9QiiQP
466,lege,The legend of MAX,ZZ,7 8 13 15 0 0 8 12 16 0,li608di8PolqqIP808iddOqi11qDDq0Q
467,aois,蒼い衝動 ～for EXTREME～,NAOKI feat.YUKI,2 4 7 9 12 0 4 7 11 12,OboID1PloIIoOOObQdQOP110I61Ddl9I
468,mike,三毛猫ロック,亜熱帯マジ-SKA爆弾,4 5 8 12 0 0 5 9 13 0,Dl69Pb9OQDlbOi80OQdIObiQ1Q08Dlqo
469,yncc,sync (EXTREME version),OutPhase,3 5 8 9 12 0 6 9 10 11,8lo1IDqPDD88DObIPodOd8oQ0Q6qQ1Dd
470,stoi,stoic (EXTREME version),TaQ,3 5 9 13 0 0 4 10 12 0,OoIPPqIDbQ6qIb69q8dil0iq0l6q6DQD
471,tars,321STARS,DJ SIMON,4 5 9 11 14 0 5 8 11 15,Q96bO9D61lib19IiIi0i69P80bo6q69Q
472,ichi,1998,NAOKI,3 4 6 9 0 0 5 7 9 0,ddOOOibQ6qIi9DI1bl8b108I1Ib6QDl9
473,gene,Twin Bee -Generation X-,FinalOffset,3 5 8 11 0 0 4 7 11 0,0l181DPDqbQPb0qQl0i0dlQd0oQPlQ6i
474,xeno,xenon,Mr.T,3 5 10 13 16 0 5 9 13 16,bDDd08iP8dlIlOo6iqd91dPiI1lQdOQq
475,saku,桜,Reven-G,5 7 11 13 11 0 7 11 13 11,911lId0IooIOq1oDPoQ0iQiDiOIbd6oo
476,rose,Pink Rose,Kiyommy+Seiya,3 4 7 10 0 0 4 7 10 0,O09lbd0I8D0DI08O06l6iiI0i11I1iIb
477,heav,Heaven is a '57 metallic gray ～gimmix～,Hiro feat. Sweet little 30's,4 5 7 12 0 0 5 7 13 0,oDlO8QQOQ68IO61q9PQd800QiOll1odI
478,hype,HYPER EUROBEAT,NAOKI feat. DDR ALL STARS,3 4 7 10 0 0 6 9 11 0,I08olqilqQi9Dd0qOq0o09PPqI0l11QI
479,laba,LA BAMBA,メキシコ民謡,3 4 8 11 0 0 4 8 10 0,9IOdDPPO1IIPD9oDbOPo0Qo99Ii6Q8oi
480,ddre,Dance Dance Revolution,DDR ALL STARS,5 6 8 12 12 0 7 8 12 11,6lQ9iQdq8P0Q11q9O8dbl9Q9Pi8bIb98
481,ripm,TRIP MACHINE survivor,DE-SIRE,4 5 11 13 0 0 6 11 12 0,POO9PlPq66OqIQO6Oq1i90D6Ill100il
482,airr,air,DJ SIMON,3 5 7 10 0 0 5 7 11 0,il6PIiDq11dD1981dQ00918D96lPQ0iQ
484,tear,TEARS,NAOKI underground feat.EK,3 6 8 12 0 0 6 8 12 0,1Q1Q8oO600lodPbio8b8d66b8do1PIlQ
486,acro,Across the nightmare,Jimmy Weckl,7 8 10 12 13 0 8 11 13 13,O6I9ioqii8i6I1DIb1PqOD6q0ooo8bDo
24576,funk,Funk Boogie,Funk Kid feat. KOOL BOYS,4 5 4 8 12 0 4 6 8 12,i6Q00D16PbbQPl19oibiiQ6qQD01D6o8
24577,tryl,Try 2 Luv. U,S.F.M.P.,3 4 6 8 0 0 4 6 8 0,doqDbod0d81qP6PoPiP8b0P00PD8oboD
24581,frve,Forever Sunshine,Chel Y.,3 4 7 8 0 0 3 6 8 0,Q8Ioq8POo69ol8bPiOPQPq61oqoPo0DO
24582,satn,Saturday Night Love,Sota feat. Brenda V.,3 4 6 8 0 0 4 6 8 0,o9l8Id0D1lQdl1o9DDIPbO6q998lq8bd
24583,brou,Bad Routine,D.J. Spugna,3 5 7 9 0 0 4 8 9 0,d0q8IDbqDI686q9Dl09ll0Id6bIio9Pd
24586,tomo,Tomorrow Perfume,dj TAKA,3 4 8 10 13 0 4 7 9 13,D1D88PPI0PDQqOq00OI6QI1o6dPolqlI
28690,mize,MAXIMIZER,CLI-MAX S.,5 6 9 12 0 0 6 9 11 0,OQol16I968Q8bDoQd80i90oQQbqOdbdP
28691,inee,I Need You,Supa Fova feat. Jenny F.,3 4 6 8 0 0 5 6 8 0,1i6ObblIOoPo6dDd9dIIq11l60qiD9di
28700,stup,A Stupid Barber,Sho-T,3 4 8 9 0 0 4 8 9 0,DibQ8O0bIodbdQo8D681qlqiDqllDPql
28701,scor,Scorching Moon,Shawn the Horny Master,3 4 7 11 0 0 5 7 10 0,16Pio809ID669Di8OoPblQO0lDq668dQ
28717,deux,un deux trois,SDMS,3 4 8 10 0 0 4 6 9 0,99P8bDO1PqlddQqo81QOIPO60lPQqlO8
28718,maxp,MAX.(period),2MB,5 12 14 16 18 0 11 13 16 18,89I0ooQbbI1I6O1iq861PQQqIo9iO86b
32768,canb,Can Be Real,Vision F,3 4 6 10 12 0 3 6 10 12,68dqbIdOiiiiddlbb1OD66qq6d80I6D8
32774,parb,PARANOiA-Respect-,.3k,5 11 12 16 0 0 8 12 15 0,IP00ID9bdlOoP9o9lo1qlO0D1Pdo9I8l
32784,free,Freedom,BeForU,3 5 7 11 0 0 4 7 11 0,PPddP6OOldodoOPqiId19Pd919OOid61
32785,stas,STARS☆☆☆(2nd NAOKI's style),ＴЁЯＲＡ,3 6 8 9 0 0 6 8 11 0,6qQb9I0QbD89IID9b9iOPdO6dbqPDolQ
33028,bald,BALLAD FOR YOU～想いの雨～,NM feat. Thomas Howard,2 5 7 8 0 0 4 7 9 0,ObP1P1OoDII9b9ll698Q981ilIddb8Id
33034,gorg,GORGEOUS 2012,THE SURRENDERS,4 3 8 10 0 0 5 7 11 0,b0Po680ibI600ObOi6qqidI06oqo0Olq
33038,kee2,KEEP ON MOVIN' ～DMX MIX～,N.M.R-typeG,3 5 7 11 0 0 4 8 12 0,PQPloiIQ19QDP9QoI1ld9DlDObIOP689
33044,mind,Mind Parasite,TOMOSUKE,3 5 9 13 0 0 5 8 10 0,b6dqPiOO6iO6b8D90Ido6QPOlObd9o98
33047,put3,PUT YOUR FAITH IN ME ～SATURDAY NIGHT MIX～,UZI-LAY,3 5 8 9 0 0 5 7 12 0,OI01b6I6OQ9IdQidll890oqlOPDql9ol
33048,quic,Quickening,dj TAKA,3 6 7 11 0 0 5 7 8 0,QI96D9PqIQ90PidPQPdbqbi0q9q8lQbb
33664,polo,Polovtsian Dances And Chorus,Naoto Suzuki feat. Martha,3 4 9 11 0 0 5 9 11 0,l609D9lOqbDP6iIld1dI18l888dODQ6Q
33665,oran,LOVE IS ORANGE,Orange Lounge,3 5 7 9 11 0 5 8 8 12,D6oPIlOlIIOi1oq6Pd6011lqobbqOlib
33666,diff,Make A Difference,Lala Moore with CoCoRo*Co,3 5 7 12 0 0 5 8 12 0,0Oo6iId08018qOqbo6O1o0QQ9D09Piq1
33667,mari,MARIA(I believe...),NAOKI feat. PAULA TERRY,3 5 8 11 0 0 5 9 12 0,6P6dPoi66qO980bQo6l1QdlQIooq086l
33668,tmrr,TOMORROW,nc ft. Dreamscanner,3 4 8 10 0 0 5 7 11 0,lQbiI10Qo9DdD8liqPIiob61qDO9d861
33669,sedu,SEDUCTION,nc ft. FINALFORCE,4 6 9 12 0 0 6 9 13 0,oIQo8IQPbobO6bioiqqdP6P6O8898DOQ
33670,insi,INSIDE YOUR HEART,AKIRA YAMAOKA,3 4 6 9 12 0 3 6 9 12,O8qii6oiooPd8lbPqDo9QQioIoQQOoq0
33672,pass,PASSION OF LOVE,NAOKI feat. PAULA TERRY,4 5 7 10 0 0 6 8 10 0,8PQooio0ilPoQ8Di66I19QOQP90Ddbdi
33673,youg,You gotta move it (feat. Julie Rugaard),Yuzo Koshiro,4 5 8 10 0 0 5 7 10 0,D8I68Ibib9ldQDIPIQdO6lqI61PQlPO9
33806,mids,MIDNIGHT SPECIAL,Love machineguns,3 7 9 10 0 0 8 10 12 0,iI1iQD6Id0PiPDoo919doOooDib09I6b
33808,monk,Monkey Punk,Big Idea,4 5 8 10 0 0 5 8 10 0,OoQ6Oq81oIql8iIlbI6qldIlqoD1Di1I
33811,bais,Baile Le Samba,Big Idea,2 3 9 11 0 0 3 6 10 0,lii9bbbIq08b6DIdQ16Q0QOPiOibliIO
33818,remx,MAX 300 (Super-Max-Me Mix),Jondi & Spesh,7 10 13 15 16 0 10 12 15 17,qOP1qP69o6id061o9bo8l6P11P1PQI1O
33834,doll,DoLL,ＴЁЯＲＡ,4 5 8 12 13 0 5 8 12 14,OO0QbD9D6QQIb10Q9IDOQd8odb6ob6qP
33835,ifut,iFUTURELIST(DDR VERSION),AKIRA YAMAOKA,3 5 7 12 13 0 5 7 11 13,0ib0Pqol08o9ODDq166iDl8oll061lPl
36864,aaaa2,AA,D.J.Amuro,3 5 9 13 17 0 5 10 13 17,0DDo1ilPDQoIoPd8ol9OPO1IPbi9ii6d
36865,rzon,RED ZONE,Tatsh＆NAOKI,4 6 8 12 17 0 6 8 11 17,81QD89Q6Ob911oOoobO0D98IQ1D1q60d
36866,hpan,HAPPY☆ANGEL,jun with TAHIRIH,4 4 8 12 16 0 3 8 11 16,8DdIqobi0liOPDO1qld6lQ9Dq00I66qi
36867,xeph,Xepher,Tatsh,4 7 10 13 15 0 7 10 13 15,PQQd6lQlDqilqliI0IobolqIDlo0Iboq
36868,hima,ヒマワリ,RIYU from BeForU,3 4 7 11 0 0 4 7 13 0,Ibd8d0bllqOo61lqlQPd8lP01D0Qb9o6
36869,drab,Dragon Blade,Kozo Nakamura,5 9 10 11 18 0 9 11 11 17,PD9lP16dllbPqbdIO0Ii0I8D1I90QIIl
36870,curu,CURUS,D-crew,2 3 7 10 0 0 4 5 12 0,ilIbq9Db1d86PIo0b96qdd0oPOQ6bqi1
36871,muge,夢幻ノ光,ＴЁЯＲＡ,4 4 8 11 0 0 4 8 11 0,DQO6qbiP6dldo6IIqlob9i8dqiqOio6o
36872,nizi,虹色,DJ YOSHITAKA feat G.S.C license,3 4 8 11 13 0 4 7 13 13,Io1D1l9QiDo6IDObd8qo1Q9lQ6iollQ9
36873,gekk,月光蝶,あさき,5 5 9 11 16 0 4 9 11 16,qiDOD0iidOli9l0qbP6IbOD19OQ8D8Po
36874,kono,この子の七つのお祝いに,あさき,3 7 10 14 0 0 7 10 14 0,9idOOIdDO01D8PO06bOPPbOIOoiQ8O0P
36875,mooo,MOON,dj TAKA feat.Erika,3 3 7 10 0 0 3 8 10 0,lI8qIDQPD0PDOdO1d01iOq8bI98iiQ1l
