song_id,basename,title,artist,diffLv,eamuse_id
37307,satu,Saturn,Mr.Saturn,3 7 9 13 0 0 5 9 13 0,dDldd8OlbPQDoD80dO0DiDOiIoP1PQoD
37308,tloc,TRUE♥LOVE (Clubstar's True Club Mix),jun feat. Schanita,2 5 9 13 0 0 4 9 13 0,1P00OOoibd668i90Oqb0dl9i8D10b1iD
37309,pluf,Pluto The First,WHITE WALL,8 10 14 17 18 0 10 15 18 18,PIO8dod8P9OOP1bi0D1POIi6OdOdQDql
37311,doub,DOUBLE TORNARD,evo-X,4 7 12 15 0 0 7 12 15 0,Iiq6Qoll0oQi801QdPdlOO06DOdIDdD9
37312,smil,The flower in your smile,TACOS NAOMI feat.小久保裕之,3 6 7 10 0 0 5 7 10 0,boi66iD1809o6q199bbolO0bqQ1lqI8b
37313,puzz,puzzle,日本少年,3 4 6 8 0 0 4 6 9 0,091IQQ1PqOdIl9ioPQDdO60Dq069DP69
37315,timh,TimeHollow,Masanori Akita,2 4 7 9 0 0 5 6 8 0,O110IdDiDlDQ66bb1o9lbqiqQq6lOid1
37316,saga,S・A・G・A,Veeton,4 7 10 13 0 0 6 11 13 0,iObdoO9b1O9o8dP8o0id9b1QioQ0q9q9
37318,ontb,On The Break,Darwin,3 8 10 13 0 0 7 11 14 0,d88boiQ609PO8ODDo6IliPIb69I80dlP
37322,trac,Tracers (4Beat Remix),Ruffage & Size,3 5 7 10 0 0 6 9 11 0,iO61Dq9iiIQO0Qbbdo1O8bdqO8dqoiio
37323,waiu,Waiting 4 u,DDT,4 6 8 11 11 0 6 8 12 12,96Q0Piqo9PPQoQdi9001DO6P9Piqi0dq
37324,drem,Dream Machine,Darwin,3 6 8 11 0 0 5 8 11 0,d9qd6lI0ddbQ068dq1oD8o6QDIi6blDO
37354,flig,Flight of the Phoenix,Jena Rose,2 5 7 9 7 0 4 6 9 7,8ll9P9bOloIqbI0O9PboP9li1iloIPPd
37355,tick,Ticket to Bombay,Jena Rose,3 5 7 10 0 0 5 7 9 0,ld8b6iqPIiqqbb9q69l8obO66ibI96od
37356,tajh,Taj He Spitz,DKC Crew,2 4 7 10 0 0 5 7 11 0,ob86bIdI1IbIl9DoQ1bboq9Q8O6PPPoq
37357,sabe,SABER WING,TAG,5 8 10 13 13 0 8 12 13 13,dIQDOoO80odDP8OiOQIQ9oI0o99OdQDQ
37358,lovy,LOVING YOU (Epidemik remix),TONI LEO,3 6 8 11 0 0 4 7 11 0,61D9oiPDI68Dq60Dqi99qqd9DqD1D1qd
37359,iyhr,INTO YOUR HEART (Ruffage remix),NAOKI feat.YASMINE,3 4 8 11 0 0 5 8 11 0,dPdO9OP6616o99l99qiI9DddQdD9D80b
37360,staa,STAY (Joey Riot remix),DANNY D,2 6 9 12 0 0 6 9 12 0,88qIddPQ9Q0QbQb0l6obD6IQ99oIiQQi
37362,want,I WANT YOUR LOVE (Darwin remix),GAV,2 4 9 13 0 0 4 9 13 0,IoiD0b6IqiDi6qP1qb0P1dbQlIODbiid
37363,noma,No Matter What,jun feat.Rita Boudreau,2 5 9 13 0 0 5 9 13 0,bDDq1qO80o6806dQOb1Qo0bPI6899q1D
37368,lift,Lift You Up,wolli,3 4 6 10 0 0 5 6 8 0,i1ol0PO8QbQD0q0oDI6qq0IO68868bP8
37369,flou,Flourish,sonic-coll. feat. frances maya,3 5 8 10 0 0 6 8 10 0,dQD6lbPO66DllOb1i0IoqDqbii0IOQi9
37370,taka,Take A Chance,neuras feat. GATZ,2 3 6 9 0 0 3 6 9 0,8i1ii188q9OlD0qQ9lQ0D1OdDbldqQbI
37406,play,Playa (Original Mix),Hamel and St. Croix feat. Jules Mari,3 4 7 11 0 0 4 7 11 0,i66lIl9D60DPq0dQ0O9666ID8bPlID9i
37407,dace,Dance Celebration,Bill Hamel feat. Kevens,2 5 8 11 12 0 6 7 11 12,I8ql1i90i80oDO0Q9qdIliIqPq66lQd0
37408,slip,Slip Out,Harmony Machine,2 3 7 9 0 0 5 6 9 0,86688l9096PdIqDPl8qoQ10dI8Ioi86l
37409,hora,Horatio,OR-IF-IS,3 4 9 15 15 0 5 8 14 14,PIdPo9o0qOIiPDIIlbo9l9dObP81lQqi
37414,bene,Party Lights,Tommie Sunshine,2 4 6 11 0 0 5 6 10 0,qDIdbDO1OiDPqd1i60Dd6OPOlO90D10Q
37415,tare,Taj He Spitz (Tommie Sunshine's Brooklyn Fire Re-Touch),DKC Crew,3 5 8 12 0 0 6 7 12 0,b0lI9Ili8loOb1DD6Dd8lqII60b90101
37416,sare,SABER WING (Akira Ishihara Headshot mix),TAG,6 10 12 15 17 0 10 12 15 17,PIP60POo0dDQlIiqO9bIQ1oddQD8P9Il
37417,slre,Slip Out (bounce in beat mix),Harmony Machine,2 4 6 10 0 0 6 7 9 0,lb1l0DibId6Pb9ddlqlDoP6d6oD0o0IP
37418,dacr,Dance Celebration (System 7 Remix),Bill Hamel feat. Kevens,3 6 9 13 0 0 7 8 13 0,98D001P6b696O18P8qiIOl811bq1oQ16
37419,jube,JUST BELIEVE,Lea Drop feat.Marissa Ship,2 7 10 14 0 0 7 10 14 0,iI90119iIb9l609b9981l8QDblDOb0I6
37420,esca,escape,U1 & Krystal B,3 5 8 10 13 0 5 8 10 14,odQbP0bQqD89PolQ96II0PiqQQIddPi6
37421,sett,Settin' the Scene,U1 night style,1 4 9 12 0 0 3 8 11 0,DIoP0QD6i8PoQOo6DIdb1o19iqb10qQO
37422,soyo,Somehow You Found Me,DIGI-SEQ-BAND2000,3 6 10 13 16 0 6 10 13 16,60dq6Plo0do9iQOl6ql111P9OPd9i01l
37423,suhe,SUPER HERO,DJ YOSHITAKA feat.Michaela Thurlow,4 6 9 12 0 0 7 10 13 0,d1PbOD8o6b6o1OqOQ98ilDQbid6dddQd
37424,unit,Unity,The Remembers,2 5 8 12 0 0 4 8 11 0,D9o1DqDidP696lii99881io9Dbb0lQl0
37425,open,Open Your Eyes,NM feat.JaY_bEe (JB Ah-Fua),2 5 7 9 0 0 5 7 9 0,0OQiI9qD6OiodDoQlPllqPoPoqi98D8P
37431,thli,30 Lives (Up-Up-Down-Dance Mix),The Motion Sick,2 4 7 8 0 0 3 6 8 0,i9Pidb18b9O8bdqQ91QQP0oPdIdIODq1
37432,ttlg,Till the lonely's gone,Z-licious,3 4 8 9 0 0 5 8 9 0,99oQO1b8d9qQdPq6O1I6bd1bo1D16DP0
37433,clos,Closer to my Heart (jun remix),NM feat.Heather Elmer,2 7 11 14 0 0 7 11 14 0,0ill9Po6Db090biqIlD1I9lo6PO8lQQ9
37435,kyou,鏡花水月楼 (DDR EDITION),ＴЁЯＲＡ feat.宇宙戦隊NOIZ,2 6 11 14 0 0 7 12 15 0,q1DPdd1ooiPi9P0b0Obqq1QqbD86Qb18
37436,dmin,Dreamin’,TOMOSUKE feat. Adreana,2 4 6 9 12 0 5 6 9 12,89ooi0i98Qlq9PloIl1b190DIo8Do16l
37444,insp,Inspiration,DKC Crew,3 5 7 8 0 0 4 6 9 0,Q61QoIQOQdoO98DP1oDlOIoO6D6lqq1o
37445,onbo,on the bounce,neuras,3 7 11 14 16 0 6 9 14 15,OPDQ9Oi8I6D1I1iqi8iOiP0bDI9Pl86P
37446,trig,Trigger,sonic-coll.,5 9 12 16 18 0 7 12 16 18,OPOIPIi1OioQ98qbO100q6QiDP8dIDq6
37447,danf,Dance Floor,neuras feat. Yurai,2 5 6 9 0 0 5 7 10 0,Io9i8oQlbO1QqIdbbDPQl6b00OIPlIOP
37448,weca,We Can Win the Fight,D-crew feat.Matt Tucker,2 5 8 11 0 0 6 9 11 0,O86D9iqi81QllOqP19dQqqId1qdIolqI
37449,raci,Racing with Time (NAOKI's 999 remix),jun feat.Godis (Heather Twede),2 7 11 15 0 0 7 11 15 0,oloqOddo8oI1696Oqidb081ldlPQ89qO
37450,dese,Desert Journey,dj TAKA,3 5 8 12 15 0 5 8 12 15,PI1DiP0bIi8PodP6O1i8P0P1i8iI1oD8
37451,sidr,SILVER☆DREAM,jun,4 8 11 15 0 0 9 12 15 0,Q6ql0lOOdq90DI1PqO1bd10bP0Oi8Q0Q
37452,thlo,The Lonely Streets,"DJ Yoshitaka feat.Robert ""RAab"" Stevenson",2 4 7 11 12 0 5 7 11 12,90D66ObIiqP09oqoDoq6b908b699oqqi
37453,habi,Habibe (Antuh muhleke),Wendy Parr,3 5 10 13 0 0 6 11 13 0,890q91iIbO96OOD10Qlob6qOObQoq1bd
37454,osak1,osaka EVOLVED -毎度、おおきに！- (TYPE1),NAOKI underground,9 11 13 15 0 0 10 12 15 0,ldDD06dIQ0qQPD9OI88P90OOi0bQPD1O
37455,osak2,osaka EVOLVED -毎度、おおきに！- (TYPE2),NAOKI underground,9 11 13 15 0 0 10 12 15 0,8006PP188Qldob68ld6OPqlbl1biod6D
37456,osak3,osaka EVOLVED -毎度、おおきに！- (TYPE3),NAOKI underground,9 11 13 15 0 0 10 12 15 0,di088lOPlqQ1OoQIbilI1P0q119i8o9O
37462,rint,凛として咲く花の如く,紅色リトマス,3 6 8 10 0 0 5 7 11 0,QQOOldqQ8QQDQ06i81d9DP9PlOlo1lqq
37466,zerr,零 - ZERO -,ＴЁЯＲＡ,3 5 8 11 0 0 6 8 13 0,bq8DOQ9Idq9Ii9PQ1bqPIQoQPl961d1o
37472,rezo,resonance,NAOKI-EX,2 4 8 11 0 0 4 8 11 0,1Ob9Il9bOQdbOQbq00oi1qoo1o1dPoI0
37484,blra,Blue Rain,dj TAKA VS Ryu☆,2 5 6 11 14 0 5 7 11 14,PO68qOQI1oo8iQidQ9iIi9o9PPOD9OP6
37485,chan,Chance and Dice,日本少年,3 5 7 9 0 0 4 7 10 0,q1q8IlPI1111D8IqiQ190qIoP0b0bIIo
37487,parx,PARANOiA(X-Special),180,0 0 0 0 13 0 0 0 0 14,I8bQ8ilD9l1Qi9Q9iI0q6qqqiolo01QP
37488,trxs,TRIP MACHINE(X-Special),DE-SIRE,0 0 0 0 11 0 0 0 0 12,bql00PQ1PiboIqDQoD909Il8o1PIDiD1
37489,parx2,PARANOiA MAX～DIRTY MIX～(X-Special),190,0 0 0 0 13 0 0 0 0 14,dQ69Oqd0Do8Dodd6bQD9l16Olo9P01DQ
37490,sptx,SP-TRIP MACHINE～JUNGLE MIX～(X-Special),DE-SIRE,0 0 0 0 11 0 0 0 0 12,dDO8ili1081QQIb86POQ8qd0P111011o
37491,rebx,PARANOiA Rebirth(X-Special),190',0 0 0 0 14 0 0 0 0 14,o6bPdI8O089O8lbl8OlIb1lPo8o1lODQ
37492,afrx,AFRONOVA(X-Special),RE-VENGE,0 0 0 0 13 0 0 0 0 14,P01qbiIoO6dqIIqo6Db9dqq1bI6ddbqI
37493,pevx,PARANOIA EVOLUTION(X-Special),200,0 0 0 0 14 0 0 0 0 15,o6oqqiOOb9Pob66loQoQddlDP6PP69lo
37494,clix,TRIP MACHINE CLIMAX(X-Special),DE-SIRE,0 0 0 0 14 0 0 0 0 14,boQPliilD01OD1bIdOOIOOi0Q9P16OlO
37495,petx,PARANOiA ETERNAL(X-Special),STM 200,0 0 0 0 13 0 0 0 0 13,ioQP0b6I11Do1OQPIQ6OIDiPODD0l0dd
37496,feax,Healing Vision(X-Special),DE-SIRE,0 0 0 0 14 0 0 0 0 15,0D1618DDbol8bl9dP0lDdiD66ioIiidD
37497,canx,CANDY☆(X-Special),Luv UNLIMITED,0 0 0 0 12 0 0 0 0 13,0qP01Q60boPPlQ8qO6O6q89iI91Pl0PP
37498,xmax,MAX 300(X-Special),Ω,0 0 0 0 17 0 0 0 0 18,oOI88lollO1OOQQd9DPi0690I6i6oiII
37499,unlx,MAXX UNLIMITED(X-Special),Z,0 0 0 0 18 0 0 0 0 18,1980q80l1Q96O881IidPd16qDbOol9Qd
37500,kakx,革命(X-Special),dj TAKA with NAOKI,0 0 0 0 14 0 0 0 0 14,qIqqdd1Odqi1Iiolq9qqPOi0bPPld8Pb
37501,legx,The legend of MAX(X-Special),ZZ,0 0 0 0 17 0 0 0 0 17,1o6dQqq9P8IQ6PbQO88OI1b91P9DoqQ8
37502,ddrx,Dance Dance Revolution(X-Special),DDR ALL STARS,0 0 0 0 13 0 0 0 0 13,6o966dbdo9dPIil6qQ09d1I0o0Qld611
37504,geis,A Geisha's Dream,NAOKI feat. SMiLE.dk,2 6 9 11 0 0 7 9 11 0,l0QP6DiIDIId0oiQiOl8q10DlI96OPiO
37511,inlo,in love wit you,Kotaro feat. Aya,2 4 7 9 0 0 4 7 9 0,b1ObooOQ9iI0DilD9Q6qlIQ8D1d8dQO9
37512,sttb,real-high-SPEED,Makoto feat. SK,2 4 6 8 0 0 4 6 9 0,IDldD8o8P8dbIP6oiDo11i10lo6bP6oQ
37517,tone,Rescue Me,NAOKI feat. Fracus,2 4 8 12 0 0 5 9 13 0,iO90Qo66I88P1IdDldo1oIqb8bldqDI6
37518,bewi,Be With You (Still Miss you),nc ft. Eddie Kay,1 5 8 12 0 0 5 9 12 0,DDPPb680Pd1Do0I0899Qq18OIIqiP06D
37520,ropp1,roppongi EVOLVED ver.A,TAG underground,6 8 11 15 0 0 8 12 16 0,odd1O0boo1boqDb0dIOQdQi1IqdO1DQd
37521,ropp2,roppongi EVOLVED ver.B,TAG underground,6 8 11 15 0 0 8 12 16 0,QobO6O8iQP6I16l0I8QPd0Iq6iQ1loQ6
37522,ropp3,roppongi EVOLVED ver.C,TAG underground,6 8 11 15 0 0 8 12 16 0,lb9Qo61bbOdQidlQQD8DP8199Q911Id9
37523,prds,PARADISE,Lea Drop feat. McCall Clark,2 6 9 12 0 0 5 9 12 0,db9qPQQ1lDbDIPP98IOqil9IO1i0oilO
37524,illf,Find You Again,The W feat. Rita Boudreau,3 5 9 12 0 0 5 8 13 0,DiqobPO1iliqP6DbQiDodPIPDiQO96dl
37527,sabe2,SABER WING (satellite silhouette remix),TAG,2 4 9 12 15 0 6 8 12 14,Do6oPoo1QbOPo9DIii0Q0180l8b1Doqi
37530,newg,New Generation,鍋嶋圭一,4 7 10 14 17 0 7 10 14 17,6i99bQI11qD818DDdq6qb0Dql880lP8l
37532,taki,Taking It To The Sky,U1 feat. Tammy S. Hansen,2 4 6 9 0 0 5 7 10 0,i1Q080DDQD81l8o0109Q6blq0oo8o69q
37537,priv,Private Eye,atomsoak ft. cerol,2 4 8 12 0 0 6 8 12 0,0dOi10q9Q6oi0Q9960iQQDO6olqlDDqo
37538,teme,Tell me what to do,atomsoak ft. cerol,2 5 9 12 14 0 5 9 11 14,6loP1dbiOq0Q8i9QQOI6o0iOO6bdIQOO
37539,frez,Freeze,nc ft. NRG Factory,2 5 8 12 13 0 5 7 12 13,8l0ld8Oq86P09lb91DdD9OliiPq9oq9D
37540,haun,Haunted Rhapsody,Architect ft. Jasmine Nii,2 5 7 13 0 0 4 7 13 0,POl689q8ODbPI0PDo8l8oD81Plio8qlP
37541,wick,Wicked Plastik,nc ft. Electric Touch,3 4 8 13 0 0 5 11 13 0,qI06bbQ1dloi0IIIO1IQ1q8bdPdl6l69
37542,sosp,Something Special,nc ft. Jasmine Nii,2 4 7 11 0 0 5 7 11 0,oi9q8DQ1QddP1699qIbqP886iOIPI16I
37543,thei,The Island Song,TAG feat. Eric Anthony,2 3 7 9 13 0 4 7 9 13,8Pl1i1o0O6oIio0b681qOoDOQdPPOObb
37544,jena,On the Night of a Still Wind,Jena Rose,3 6 11 14 0 0 6 11 14 0,Q9bo8o9600D869o10ioPb8bPO10bIOiq
