song_id,basename,title,artist,diffLv,eamuse_id
38558,godo,Go Down,KO3,2 5 10 14 0 0 5 10 13 0,iIDOlq6QoQPiqoii0iiDOiI9ODiQOIDb
38559,acid,"Acid,Tribal & Dance (DDR EDITION)",Relect,3 5 11 14 17 0 5 11 14 17,q8QPqbiQ00i6odq81P0D960I108bIiQb
38560,gtto,Go To The Oasis,GRAN-NEW DRAMATIC BOYS,3 6 12 15 0 0 6 12 15 0,l106dqq891bI19iPoIo9OO688l8oOQQ6
38561,waku,惑星☆ロリポップ,SOUND HOLIC feat. Nana Takahashi,2 5 11 15 0 0 5 11 15 0,Pb0D8b8b8PoDIO9Q9DbiQiI8qi0D89D8
38562,bone,BONE BORN,MARON (IOSYS),2 5 10 13 0 0 5 11 14 0,IPdQ8qIqPiIdqQloI1dQQ688O0qlOQQo
38563,kiya,キヤロラ衛星の軌跡,工藤吉三（ベイシスケイプ）,4 7 12 16 0 0 7 12 16 0,6dQ0P6odPlD6dQdbP8dIiQQdQ66qllI6
38564,brli,BREDLI,"BEMANI Sound Team ""SYUNN""",2 6 12 16 0 0 6 12 16 0,O8Qb086QQIQ109d1lqilOQ9QD8lPIqdd
38565,crys,Crystarium,BlackY,2 6 11 15 0 0 6 11 15 0,oP8iIdilQ0QiDllqDbDIOl0iQPd9PQ9I
38568,eonb,Eon Break,Virtual Self,,QD8l9QQd89PO9ql1iOD0dO69OQ1DldbP
38569,lats,Look at the Sky,Porter Robinson,1 3 6 10 0 0 3 5 10 0,biO8o0DdD9lqdI9I8QI9q8oQoO8oI8q6
38570,soco,Something Comforting,Porter Robinson,2 3 7 13 0 0 3 7 13 0,DdbI8dPqPI8ll69q6QidI6lldDQod8b9
38571,muan,Musician,Porter Robinson,1 3 8 12 0 0 3 8 12 0,q8q0D8QoP89IqooiiD0q66QPI1b8lDi0
38572,voqu,VOLAQUAS,"BEMANI Sound Team ""DJ TOTTO VS 兎々""",5 11 15 18 19 0 11 15 18 19,QldQ19DlqDbq1l091q0l1Q1qD6ldQ6qi
38573,snhb,新蛇姫,"BEMANI Sound Team ""U1-ASAMi""",5 10 14 17 0 0 10 14 17 0,Pd8bD1od1iOOl80oOiiiIb9QdqIQQllQ
38574,awwi,Awakening Wings,伊達朱里紗,2 5 10 11 0 0 5 10 11 0,QO69qib8Q61lqbO8QI0dODo8D1b6Iqlq
38575,kilo,Kilonova,"BEMANI Sound Team ""Yvya""",4 9 13 17 0 0 9 13 17 0,61Db8oi9d9bOIlloq8dqI8O000ilDb08
38576,suke,スカーレット警察のゲットーパトロール24時,七条レタスグループ,3 7 11 15 18 0 7 11 15 18,1liPbq0890qqI0D8qDP9diOOPlDdi0Oi
38577,chon,恋の氷結おてんば湯けむりチルノ温泉,uno & 夕野ヨシミ feat. miko,2 7 12 15 0 0 7 12 15 0,6l99bqIQOQl0QQDIoiQ6PQPOoDPlD0O9
38578,inst,insist,Tomoyuki Uchida feat.秋成,2 7 12 15 0 0 7 12 15 0,6oIO00P8bdqqbP9qlqIqDP1Q1d9PD0qi
38579,resp,リスペク風神,ビートまりお(COOL&CREATE),2 5 10 15 0 0 5 10 15 0,OiQI998qPiooq60099bPdO886q9bd011
38580,sash,最速最高シャッターガール,ビートまりお(COOL&CREATE),4 7 12 16 18 0 7 12 16 18,9bqO1dPbO1b89q9dO1iOP1ibiPdP01q9
38581,snga,Snow Garland Fairy,"BEMANI Sound Team ""KE!JU""",3 8 13 17 0 0 8 13 17 0,8ql0DIiI0D9D1OP0qb8olo9bIQdP0ddq
38582,mull,みゅ、みゅ、Müllる,"月乃 ＆ BEMANI Sound Team ""劇団レコード""",3 7 11 13 0 0 7 11 13 0,0q90DbbI1O90D91I8ddDdDlP9IdoQ0oo
38583,paea,パーフェクトイーター,"BEMANI Sound Team ""PON"" feat.かなたん",3 6 12 17 0 0 6 12 17 0,diq9D0qbI00iOOb69q6Q1Q90PQOlo6dl
38584,phlo,Phlox,Sota Fujimori 2nd Season,4 7 11 15 0 0 7 11 15 0,1088IDQiIDl6I888OQi60l66DP6D0qOl
38585,adrn,アドレナリン,U1 overground,2 5 10 15 0 0 5 10 15 0,111O66bbPIQb09PlIoolIOD666QqqIdP
38586,chap,chaplet,DJ TOTTO,3 8 12 17 0 0 8 13 17 0,Od6bOOb69PqbqPdb6lO1QI66DOqo0POO
38587,spri,spring pony,S-C-U,2 6 12 15 0 0 7 12 15 0,DID6l8bbD0D6661lPiP6QIQ1dPbb010d
38589,youh,羊皮紙の上の銀河,OSTER project feat. そらこ,3 6 10 14 0 0 6 10 14 0,qb9Od0IQI16b6D9PP0O6ilqoq0dDQO66
38590,souv,SOUVENIR,,2 4 7 12 0 0 3 7 12 0,8o10d9O89d6DQOiDlbb160Id8IIO6b01
38591,brfu,BREAKING THE FUTURE,"ARM (IOSYS) x BEMANI Sound Team ""U1"" ft. Kradness x TRIΔNGLE",6 10 15 18 19 0 10 15 18 19,dlq91b19ld10IdIqQ9q99O8QDOOi18dq
38592,draw,Drive Away,Tanukichi,2 7 12 17 0 0 7 12 17 0,b0o6bl18Q1bqI9o9oqQ9POoP8DiDDibP
38593,aria,Aria,ZxNX,4 9 13 17 0 0 9 13 17 0,688O16o80Iib0DPI8oQOIOdbIdQq0P1Q
38594,cogv,Complete Game Victory,Numb'n'dub,2 8 12 17 0 0 8 12 17 0,919bPoOo9QO6dODOI6d0loO6qo6OqDlI
38595,glcr,GLOW THE CROWN,DJ Shimamura,3 8 14 17 0 0 8 14 17 0,8d9Q0olQ980lQdPIdqbIiD8o1l1dQPI0
38596,smas,SMASH,Whac-A-Me,2 7 12 17 0 0 7 12 17 0,68iObo1dP91oqDQ18iiiPQDDb8O6ddq6
38597,riao,Rise As One,Relect,2 7 12 18 0 0 7 12 18 0,DdIQdo1D01PblPQd06696dPq610o1lIl
38598,chbu,Chromatic Burst,JAKAZiD,2 7 12 17 0 0 7 12 17 0,1IdqDqDdd08dboO911P6OQ8lobb16PDd
38599,abma,Abrupt Madness,Mameyudoufu,3 8 13 17 0 0 8 13 17 0,OQO1Di8IQIQqP1d81d1ID9QD110b0888
38600,ashf,access super [hyper] focus,kiraku,4 9 12 15 0 0 9 12 15 0,ooil0dl9OobDPblIPlqoi1P9lll6DD89
38602,comi,カラフルミニッツ,Qrispy Joybox feat.mao,2 4 7 11 0 0 4 7 11 0,O6P1dIO0IDO6o8ib6i8oP86Qb9D08idd
38603,flfl,Flip Flap,kors k,3 6 8 14 0 0 6 8 14 0,Id1D9D68OOqqqdDiOoDd6Q6oo10P6oqI
38604,gltr,GLITTER,Sota Fujimori 2nd Season,4 8 12 16 0 0 8 12 16 0,8IDiil0bDd00P1l1iQiq9DP6bO0b8dQb
38605,vala,Valanga,DJ TOTTO,4 7 11 15 18 0 7 11 15 17,9lo10Dl06QIblQqOOid1qi0bd10I9lQ9
38606,brkn,Broken,dj TAKA feat.AiMEE,2 5 9 13 0 0 5 9 13 0,6qPlI8DQPoDIo6D819boPioIPPDIPblq
38607,plwf,Playing With Fire,kors k,2 7 10 14 0 0 7 10 14 0,bOQ0dIIIilDD9Do6qIDdlObQdo01DD80
38608,towh,Towards The Horizon,かめりあ,3 7 11 15 0 0 7 11 16 0,Odd6dI6o98O68I98l6q8PqODIooQO9ol
38609,basa,伐折羅-vajra-,DJ TOTTO VS 兎々,3 7 12 16 18 0 7 12 16 18,iQDQD8889Q8O018Oi60I69D6qD6odDI0
38610,mtpn,メンタンピンドラドラ,enzo + O2i3,2 7 11 16 0 0 7 11 16 0,8q96ObOdqPq8blPob9QdDq9b1iQoIQOI
38611,urli,Urban Life,Sota Fujimori,2 5 11 15 0 0 5 11 15 0,69diddO9DOI9IPd9b66l0o0DDlPb8oqP
38612,mago,mathematical good-bye,"三代目 ADULTIC TEACHERS feat. BEMANI Sound Team ""スコーピオン志村""",3 10 14 17 0 0 10 14 17 0,08O1i8ib1lDPbdOoPlD069PoOI1860qi
38613,tknt,とこにゃつ☆トロピカル,Dormir,3 7 12 15 0 0 6 12 15 0,Oqo009llDdDIODldDOI6OIolqlI9PI0d
38614,emtr,EMOTiON TRiPPER,sky_delta,2 5 10 14 0 0 5 10 14 0,db8Ddd060IQ9lPlOlqO0PoPi0Qdb88o6
38615,puru,Pure Rude,kors k,3 7 13 15 0 0 7 13 15 0,IiiqDblQ8Oqlbo8OOiqI6IqO6P8I8I1d
38616,poda,ポジティブ☆ダンスタイム,キノシタ feat.音街ウナ・鏡音リン,2 4 8 12 0 0 4 8 12 0,Q8P19lIP698I9Q8oolP98Qb6DIqQ10ql
38617,poca,ポッピンキャンディ☆フィーバー！,キノシタ feat.音街ウナ・鏡音リン,2 4 10 14 0 0 4 10 14 0,09PIO19oPoo09q0ioli6oO1di89o8Ilb
38618,loea,LOVE EAST,暁Records,3 6 11 15 0 0 6 11 15 0,Q86bq1iQDIqDllbdD6ldIO089q8Q1689
38619,trda,トランスダンスアナーキー,暁Records,3 9 12 16 18 0 9 12 16 18,8069d8dPiqloqD8i8od1o1Pq1Q6Q8i9D
38620,iwuu,I-W-U (I Want U),nagomu tamaki,3 7 12 17 0 0 7 12 17 0,ob6IPbiqD969Q66808obd908DI81bqPi
38621,euph,Euphoric Fragmentation,DC Mizey,4 8 12 16 0 0 8 12 16 0,0dD8bq9QiD1DO0Io118idQoiP6PP900d
38622,tthd,Time to HYPERDRIVE,Savage States,2 7 12 15 0 0 7 12 15 0,q6o1id8doDb988l1o01P8dllQ0d6IP9P
38623,diab,DIABLOSIS::Nāga,sky_delta,3 11 15 17 18 0 11 14 17 18,QlQ10I6o1l88loioo6DIObi0P09PPdiD
38624,ccnn,C-C-C-N-N-N,RoughSkreamZ feat. Aikapin,2 5 10 15 17 0 5 10 15 17,odPq866q0QPOP9QOQ9QQIlIO60Oid16o
38625,bath,Battle Against a True Hero,Toby Fox,2 7 12 15 18 0 7 12 15 18,I6oq8ODq6DOOiqod1iI1109DO1II9iiO
38626,dbgl,Death by Glamour,Toby Fox,3 7 11 14 17 0 7 11 14 17,qqdlo1QOQo6QIi8PqOi8iIOO0il1IblQ
38627,file,Finale,Toby Fox,2 5 8 13 15 0 5 8 12 15,Qid6OQOIibbOiDo808oq9oQO668bDodP
38628,susp,suspicions,"BEMANI Sound Team ""猫叉Master VS dj TAKA""",5 9 14 18 0 0 9 14 18 0,Q88iD188IiqQbIoP9Oq818bPbOP1d1bQ
38629,hakk,Is this dance a Hakken?,RoughSketch,3 7 12 16 0 0 7 12 16 0,q0I018lPqbdi66qiiiQlqIb9O19O9061
38630,stmp,STOMP!!,Liqo,3 6 12 15 0 0 6 11 15 0,IdPl6QoiqIl86iQ1QdIoDQdqlq98OIib
38631,sodd,S.O.D,iso:R,3 6 12 14 0 0 6 12 14 0,Dld100o9l88o6qqId6O96IbiIQiOdbQD
38632,hani,HANIPAGANDA,暁Records,3 7 12 16 0 0 7 12 16 0,8Oq81q8q1Q9D0l0PO0bQQ00l9P19didi
38633,crea,Continue to the real world?,NUU$HI,3 7 12 16 0 0 7 12 16 0,1Dd0b8lIQOd011qqOPiq1QDbDqod9Od8
38634,niou,9th Outburst,Zekk,3 7 11 15 0 0 7 11 15 0,Q9PP10bOQdIPD1iI99llI9QID9b09q0o
38635,ropa,ROCK THE PARTY,"BEMANI Sound Team ""KE!JU""",3 5 13 16 0 0 5 13 16 0,1II6199qOd1bo0P0D19Q9qd06ll1QOl9
38636,sisy,SISYPHUS,"BEMANI Sound Team ""Paoon""",5 10 14 17 18 0 10 14 17 18,lliDD9qPqiIDI8P9bb18IO60l9D061Io
38637,inwo,INFINITE WORLD,SOUND HOLIC feat. Nana Takahashi,3 5 11 14 0 0 5 11 14 0,lob09DPQD0Dl6Q09dbq8biIb6QqDql8i
38638,shwa,しゅわスパ大作戦☆,SOUND HOLIC feat. Nana Takahashi,1 5 10 14 0 0 5 10 14 0,dQQ6dQb1dQDd8bPqIPI0blb11ioq1QQo
38639,kini,Kill The Night,SOUND HOLIC feat. Nana Takahashi & 709sec.,2 6 11 14 16 0 7 11 14 16,99ll6bPDDPqQ8boPIQbdQ6bPo8bl69O9
38640,nefu,Next FUTURE,SARAH,2 6 10 15 0 0 6 10 15 0,qiqP8qb8Qlld0Oqbll00o0bqlq9PoO09
38641,mydr,My Drama,Coretex feat. MIDI War,7 10 13 15 0 0 10 13 14 0,DQqO696iPldD6olDOOdP09l08ll989l8
38642,blar,Blizzard of Arrows,"BEMANI Sound Team ""KE!JU""",4 8 12 15 17 0 8 12 15 17,PDbDl9dQQQiold81d9DQ6QQobQqb1OO8
38643,pola,ポラリスノウタ,ここなつ2.0,2 5 9 13 16 0 4 9 13 16,D6iI9O90il0OoIqP1Q86OIQdDQQilII8
38644,fidi,Finally Dive,ここなつ Produced by lapix,3 6 12 16 0 0 6 12 16 0,OQ6o9D6ldd0iqoqoQQ0QbIi01DI9dO6b
38645,toka,都会征服Girls☆,日向美ビタースイーツ♪,2 4 10 13 0 0 4 10 13 0,88lIDIi1Pi0IObl8D9oblqQ9PPdI1DqI
38646,nali,ナナイロライト,ここなつ,3 5 11 14 0 0 5 11 14 0,D8P1qO8bqQIP9bOOP1dPOP660OdIllbD
38647,cnfc,コンフェイト＊コンチェルト,ここなつ Produced by U-ske,2 6 10 14 0 0 5 10 14 0,q8llPoIloObO6QIPlQOl9P06dDQlPlQi
38648,senk,千客万来☆無問題！,ここなつ Produced by uma,3 6 12 16 0 0 6 12 16 0,loQ0Ibqqo8OO11oI9i9D6o0DDI0PDiOO
38649,hame,走れメロンパン,日向美ビタースイーツ♪,2 5 10 14 0 0 5 10 14 0,diPbi6I8O1lQ1b9lO0q8IoqDqbD9P6dP
38650,ckpp2,ちくわパフェだよ☆ＣＫＰ (Yvya Remix),"Remixed by BEMANI Sound Team ""Yvya""",4 7 10 12 16 0 7 10 12 16,I8qDQbQoiPPi9D1bdQ6iOlqb0Il9DlI0
38651,meum2,めうめうぺったんたん！！ (ZAQUVA Remix),"Remixed by BEMANI Sound Team ""ZAQUVA""",4 7 10 13 17 0 7 10 13 17,6QQ1OdO99Ob001OQ90iP86o0I8OoQbib
38652,thou,Throw Out,"BEMANI Sound Team ""ZAQUVA"" feat. Uzumaki",2 6 10 15 17 0 6 10 15 17,9oll10Dq1qdbPQl68OQ8dOd9q86999i1
38653,dent,[ ]DENTITY,"BEMANI Sound Team ""HuΣeR""",4 8 14 17 18 0 8 14 17 18,Di0ODIlddo8d90oo09qqd98QObQP1llI
38654,whst,White Stream,"BEMANI Sound Team ""ZAQUVA""",4 8 13 16 0 0 8 13 16 0,qdbO199oIDIbQ61iDQIPObOPQOIDP68i
38655,dwtd,Dance With The Dead,"BEMANI Sound Team ""SYUNN""",3 8 12 15 0 0 8 12 15 0,1dldQ1il1O89O8Ol0Ib0Dq8Pl8ol111I
38656,meta,Metamorphic,"BEMANI Sound Team ""Sota Fujimori""",6 11 14 16 0 0 11 14 16 0,IqiOOoDoo061DlbqPPQdPlP1qloP6096
38657,indi,Indigo Nocturne,"BEMANI Sound Team ""Power Of Nature""",2 6 12 15 0 0 6 12 15 0,P18io0P06q09qiId0lP6OO901li96bbl
38658,rink,輪廻の鴉,"BEMANI Sound Team ""dj TAKA""",3 8 12 14 17 0 8 12 15 18,dIiD86llO8biiDollQ1ioIoQl6iQ8dbQ
38659,odys,Ødyssey,Kaname,3 7 12 14 16 0 7 12 14 16,I18Iolqio01IlPi9QIqPQ8Q9O6iOod0O
38660,drat,DanRevoAthlon,アツムワンダフル,1 4 8 12 0 0 7 10 13 0,l08OoDq6P9DIQo1Po0Pdd80qoq6QID9o
38661,hyno,HyperNOAH,SK MUSIC,3 5 9 12 0 0 5 9 12 0,DoOoDio1q81OQdoOO0b6bPQPOoq6I0Qi
