song_id,basename,title,artist,diffLv,eamuse_id
38662,baaw,バッドユース・アウェイク,みーに feat. はらもりよしな,2 5 8 13 0 0 4 8 13 0,iQi1DOQoqI6Q08I89PQD8iIQloPd190I
38663,arca,Arcadia,OMOCHI feat.星野奏子,3 7 10 13 0 0 7 10 13 0,6qdbqO66oOo1Q0d6I10IIIbQI9D1dDP6
38664,dflo,Dozen Flower,赤木エリ & BJ.chika feat. 菜月なこ,3 7 9 12 0 0 7 9 12 0,1d6oI0ol8oO8O1qq16O96d1D19doD0bl
38665,grco,Gravity Collapse,X-END,3 6 10 13 15 0 6 10 13 15,1iPqdbQiqoi9l8D6Q106i01DbOO8191b
38666,swfr,Sweetin' Fruity,Malixi,3 7 10 14 0 0 7 10 14 0,bbID6DO6PiIOQ1oDl1oiOd1bI9bQPi69
38667,kyok,極地大衝撃,Kolaa,3 6 9 12 0 0 6 9 12 0,1bo1qQDPidPPOlD16Ii9PoQOlQ996qb8
38668,woco,WONDER COASTER,MUGIPONG,3 6 10 13 0 0 6 10 13 0,lDdID1ili0D0i10bdiO06Q8OqDIdo91l
38669,roli,Roche Limit,Felysrator,3 7 11 14 15 0 7 11 14 15,QoD9DQ8QQ11ib0Idob9dbIQqbq0Q8Q6i
38670,hera,Heavy Rain,Amebre Kizami,4 7 10 13 0 0 7 10 13 0,1lIi8O100iq1Plolql1biO1QIOOillOQ
38671,th88,The 88's Instigation,MYUKKE.,1 4 8 13 0 0 4 8 13 0,D6ql9DIOPi9Id8iiOOi1olOPdO9dl1qQ
38672,asbo,The Ashes of Boreas,Se-U-Ra,2 4 9 13 0 0 4 9 13 0,lO990qi9qq9II1boI10ObdbbolQ1Ii0i
38673,hage,白日と幻月,めと（Metomate）,1 4 7 10 0 0 4 7 10 0,16l6O00OPl9Ilqob1i8PlllDP1b6898Q
38674,fufl,Funky Flux Fusion,yuichi NAGAO,3 7 12 15 0 0 7 12 15 0,0QlIdbiPq11Q0IPoQDI60Dq8Ib66o988
38675,rofo,Robot Footwork,Super Shrimp,3 8 12 14 0 0 8 12 14 0,IDIQilDID9lO6lO86dq6ldoDlqiii1o1
38676,defl,Dense Flyer,seatrus,3 6 10 14 0 0 6 10 14 0,1QbddbDiOiii8O90Dq68dqO91oQq0oqi
38677,fiac,First Action,setu-O,3 6 9 12 0 0 6 9 12 0,odb1D9l8QoDbii0861iP0qo9i1qibqdP
38678,haji,ハジマリノアイズ ft. りんたる,SPACELECTRO,1 5 9 11 0 0 3 9 12 0,8i0QblodqDQ196b0Oi81I0811QI99Q8b
38679,nmlv,No More Love,EmoCosine,3 7 10 16 0 0 6 10 16 0,odlOiO6di119680QOoOo8dO8IO0DliI9
38680,orpu,Origin Pulsation,Alkome,3 6 11 14 0 0 6 11 14 0,1PQDi1P0dd6bIi9bQ0P0IQId808bPi1Q
38681,dwtr,Dance wiz the Rhythm,AMAZE,4 7 11 14 0 0 7 11 14 0,Ib08idDooQbP00Q1Io0QlObloibb1b8Q
38682,dade,Dance and Death,ikaruga_nex,1 7 10 13 0 0 7 10 13 0,86106098616o998i9d1PD6Pl0bD19dlD
38683,ohch,おひさし中華街！,諸星なな feat.加藤はるか,1 4 9 12 0 0 4 9 12 0,9oP18iDQ9P96bdooq0boQDPQqiiIqOql
38684,buco,Burstix Comet,Ninja Never DieS!,3 6 12 16 0 0 7 12 16 0,d88qo6I08PI8lDiiPoo0o8lPdqQDiq01
38685,ausu,Autosummer,Aoi,3 8 12 15 0 0 8 12 15 0,iiDdl6b6Pb81oIPbd1DPPQOI1iq0D6ol
38686,hodf,HYPER OVERR DANCEFLOORRR,Tanchiky,3 8 13 16 0 0 8 13 16 0,90DO081odOdPDblDOqQi1O68Iq988obq
38687,aisi,愛氏AIされ,deli.+駄々子,3 6 11 15 0 0 7 11 15 0,dD6DOI1lDI8o90iO006Dl96D1doDdQ69
38688,dshc,Don't Stop The HYPERCORE,Halv,3 7 11 14 0 0 7 11 14 0,iQ0qQP11I8I9D9oIdllbP6989PDiiPoI
38689,fluc,fluctus,Ashrount,4 8 13 16 0 0 8 13 16 0,8qIbQqbIDDPPi10Io0QdQ8Ilod11qQdl
38690,cots,Collapse of the Sanctuary,打打だいず vs. siromaru,4 7 12 16 0 0 7 12 16 0,oIIPQQD09OqdOP8bb61biDOPI69OP8q8
38691,kiun,きらきら☆ユニバース,nagomu tamaki feat. ぽめ,2 8 12 15 0 0 7 11 15 0,id8lqDol8I889lO9ld0Qbqd9O6PoQlld
38692,movo,Move On,kors k feat. haru,2 7 12 15 0 0 7 12 15 0,QQODQlOodQdbOdO6iQPi89PPIQi9oodQ
38693,odva,踊れ！！バーチャルアニマル！！,nc feat. TOCORO十,3 7 11 15 0 0 7 11 15 0,8IoP10odbqPdPPbIq01OID99o98DIoQl
38694,nise,Niji no Sekai,SOUND HOLIC feat. taru,3 6 11 14 0 0 6 11 14 0,9QP8IdI00QP101lQPPQbP89DIDQPoD0d
38695,hd2u,Happy Dance Day 2 U,Shoichiro Hirata feat. ちょぴん,3 7 11 14 0 0 7 11 14 0,OlPqPi1qq1bIlDPOQQPi80D0lOQl8PP8
38696,mons,Monsters Den,kors k,3 5 10 15 17 0 5 10 15 17,0QI6ODo0bPq6Io8ibP16d6I81dbI6oDi
38697,thun,Thunderstorm,nagomu tamaki,4 6 11 14 16 0 6 11 14 16,6lD9PQo88OI0PQ6db0I1l90lbQOP11O0
38698,bhny,Be Happy Next 2 You,nc feat. maimie,2 5 9 15 0 0 5 9 15 0,O0DDiq9DQlI9iq861lOoo1d1DI8qqd6d
38699,brhe,BRAIN-HEART,SOUND HOLIC Vs. ZYTOKINE feat. Nana Takahashi,3 6 11 14 0 0 6 11 14 0,oo1P6l616OOdl0IqPPqobPI0Il81qqii
38700,eira,Eira,DJ TOTTO,4 8 11 16 17 0 8 10 16 17,6PoillDiqb0Oo9qOiIDOb1qQQIbPqDoi
38701,y3s3,3y3s,青龍,4 9 14 17 18 0 9 14 17 18,loD8qPl09qqi0o1iqbbDOdllDblioDIl
38702,cosc,コメット⇒スケイター,U-ske feat. 棗いつき,3 4 10 15 17 0 5 10 15 17,9ioI0IQ16OPb1Q0q8Oqdd6D9dPqDb618
38703,toyo,Ambivalent Vermilia,"BEMANI Sound Team ""二代目朱雀 feat.朱雀""",5 10 15 18 0 0 10 15 18 0,00qIiO99Q18biD8bQ6d1QOooDP00O1Od
38704,kyal,強風オールバック,Yukopi,1 4 9 12 0 0 4 9 12 0,b86i9lPlObdl1008PO0PIi09q9o9l88i
38705,vamp,ヴァンパイア,DECO*27,2 6 10 13 15 0 6 10 13 15,Dl09QdQ19IoQl6D81qdlPPIdolP1lDi0
38706,tokm,匿名M,ピノキオピー,1 4 9 13 0 0 4 9 13 0,dQlo0DDqlIPod6bq89DPDODllDOi681i
38707,jitu2,Steps to the Star,"BEMANI Sound Team ""Coyaan & KE!JU 1%""",6 1 1 1 0 0 1 1 1 0,bD1bQi091lOIO01Q1dq9bQqQ1blDI0Pq
38708,smxx,DDR System Songs+Replicant Mix,BEMANI Sound Team,1 5 10 13 0 0 5 10 13 0,Oo66i08qboI8PDbdQoiIb9qQ1i99oboP
38709,koma,Komainu Adventure!,"BEMANI Sound Team ""Coyaan & KE!JU""",3 7 11 13 17 0 7 11 13 17,9ddIP1i0O6l8oO9iI9Ii1Q1o800boQ0D
38710,kaga,蛇神,Zektbach,4 9 13 16 0 0 9 13 16 0,88qq1I89IQ8P9PdqbbdD0ood8oi9d68I
38711,sets,雪上断火,Des-ROW・組,3 7 11 15 16 0 6 11 15 16,qib6O1d6010d8Iql8IQ0q8diqOP6dIqb
38712,beea,Beyond The Earth,猫叉Master,3 5 10 13 0 0 5 10 13 0,bP61iObqb9Oo1IOQOdlQ0idilOII9O66
38713,sazu,逆月,"BEMANI Sound Team ""HuΣeR"" feat.Fernweh",4 9 13 16 18 0 9 13 16 18,Dl89dQdOQooI0i0DoPQd68db6di86PD8
38714,tyco,TYCOON,SOUND HOLIC feat. Nana Takahashi,2 4 9 12 0 0 4 9 12 0,0ODl10P0O10D1OQID91QiPlQd988bio8
38715,flly,Fly Like You,technoplanet,4 9 13 15 18 0 9 13 15 18,Qib986b6oDqPl8IQiOoDOQ06IlbD68bl
38716,quav,quaver♪,Risk Junk,2 7 12 17 0 0 7 12 17 0,09P10l1q98b1DiDQdlIii0bld111O86D
38717,diav,DIAVOLO,度胸兄弟,3 8 13 16 18 0 8 13 16 18,Pdlib1o06DD6oIbdIdIoIqQqO8P896do
38718,redf,Red. by Full Metal Jacket,DJ Mass MAD Izm*,3 6 10 14 17 0 6 10 14 17,0b8lD690qQO1bDOib1IqiO0OO169o9IQ
38719,tsba,罪と罰,Xceon feat. Mayumi Morinaga,2 5 9 11 0 0 5 9 11 0,b9iI8O6bd0bq0I1OoooQ9i9iddidODbO
38720,meh4,melody H4CKER,Moe Shop,2 6 12 15 0 0 6 11 15 0,9DlbD6PI1IQQ9q0OIdD1I8olIPPo6dPl
38721,saib,サインはB -New Arrange Ver.-,B小町 ルビー（CV：伊駒ゆりえ）、有馬かな（CV：潘めぐみ）、MEMちょ（CV：大久保瑠美）,2 4 8 12 0 0 4 8 12 0,0i8iq6bldDo9l0iDi9q9OqIoQOlqld0q
38722,hito,人マニア,原口沙輔,2 6 10 14 0 0 6 10 14 0,iDli1d0oP8lI6i8Qobbilo86OIPIqQlb
38723,shuk,粛聖!! ロリ神レクイエム☆,しぐれうい (9さい),2 4 9 14 12 0 5 10 14 12,618q1bI6Odd9dqQd9Q8OIoOdolqi66lq
38724,kyuk,きゅうくらりん,いよわ,3 5 9 13 0 0 4 9 13 0,8OlQb0IDIOD1qIIiIqI0l6ol06bbDiDi
38725,flor,Florence,"BEMANI Sound Team ""TATSUYA""",2 5 11 16 0 0 5 11 17 0,PIPdidPO68916i10dO8lPoI9Q9blPbID
38726,mete,Meteor,"BEMANI Sound Team ""MAX MAXIMIZER""",5 10 13 16 18 0 10 13 16 18,d9iqoill801Q891P1OiPDIbDlQ9qoQ1b
38727,hesk,閉塞的フレーション,"Pizuya's Cell VS BEMANI Sound Team ""dj TAKA""",3 7 11 14 0 0 7 11 14 0,Pbd01POIdQPdl6IDd6D6oP0006o6iO00
38728,zanz,残像ニ繋ガレタ追憶ノHIDEAWAY,"SOUND HOLIC Vs. BEMANI Sound Team ""KE!JU"" feat. Nana Takahashi",3 7 12 15 0 0 7 12 15 0,16Qb0Oib60oQ1Oql8P806dDd8D0boDi1
38730,neok,寝起きヤシの木,Yukopi,2 4 8 13 0 0 4 8 13 0,IdOQPlbD9d9IO16Pd1IDO0b88Qo0boO9
38731,buta,ブタサンダー,Yukopi,1 3 9 13 0 0 3 9 12 0,0bqi6lPDP1qOl9dIb0DD1I9i8l8OlbQb
38732,decm,まにぃまにあ××,"月乃 ＆ BEMANI Sound Team ""劇団レコード""",3 7 10 14 0 0 6 10 14 0,ObiiQb81io69166olbOqODQOQO10DbQi
38733,imkk,イマココ！この瞬間,日向美ビタースイーツ♪,2 5 9 12 0 0 5 9 12 0,d01QdIl6i69DqIbbQQd6IPOiQOObPdIi
38734,swht,So What,PRIDASK,3 6 10 13 8 0 6 10 13 9,OOqoq9IPOQIqiid16l0bDdiQQ11QQD88
38735,dama,弾幕信仰,"豚乙女×BEMANI Sound Team ""PON""",3 6 10 16 0 0 6 10 16 0,lDIO66Dqili0bD0Qo00iIlO6b100i8i0
38736,suhr,SUPER HEROINE!!,"Amateras Records vs BEMANI Sound Team ""TATSUYA"" feat. miko",2 5 8 13 0 0 5 8 13 0,d1bdqOI8IPIO8i00Plq09d189lIbIo0I
38737,safa2,THE SAFARI (STARDOM Remix),"BEMANI Sound Team ""SYUNN""",3 6 11 13 16 0 6 11 13 16,bd9dlo8IQOOdQD0dlPQ0bqqdOdl90ol0
38738,onga2,音楽 (STARDOM Remix),cosMo＠暴走P,2 5 8 12 17 0 5 8 12 17,bdP0IOiPiQ8OlIbD1QQO8O6dPQqqb1Qb
38739,tumu,月に叢雲華に風,幽閉サテライト feat. senya,3 5 9 12 15 0 5 9 12 15,QQ8IoPqdIb61D8o886oo8b6didDIPqql
38742,tpp2,Timepiece phase Ⅱ,佐々木博史,3 6 11 15 18 0 6 11 15 18,oIOq6lQQPoD1q11Qiq6dDI6l8DdoQ169
38743,douw,童話回廊,DJ TOTTO,3 7 12 15 0 0 7 12 14 0,lqqIbPboOl80QOioqb0bq6DoibdOQOlD
38744,lich,Lichtsäule,"かめりあ & BEMANI Sound Team ""PHQUASE""",4 7 13 17 0 0 7 13 17 0,qP8qb6lIqPIlO696q8881qoIqi1O6ldI
38745,oroc,OROCHI STRIKE,"Hommarju & BEMANI Sound Team ""兎々""",3 7 12 16 0 0 7 12 16 0,dOilPdQDPQP0l8Po6Pli96i010d88dii
38746,blco,Blφφdy Cφncertφ,OSTER project & RoughSketch,4 8 14 16 17 0 8 14 16 17,dbIQ6o1lDi1OqqdO60q0lqqD9qPD0qlP
38747,rein,REINCARNATION,P*Light,4 10 15 18 0 0 10 15 18 0,DqIO9PI98blQlid88dQiO0ldoiobOqdb
38748,rhyz,Re:RHYZE,beatnation RHYZE,4 9 13 16 18 0 9 13 16 18,l1b8iDqOdQl6PbIIdb966qQ8d9i9dOPQ
38749,akat,Akatsuki,PRIDASK,2 2 7 11 13 0 2 7 11 14,0Q9b998QQ60806lqq8b8dOlbqqb18Pbb
38750,rmrm,リメンバーリメンバー,rino & m@sumi from plastic penguin,3 6 8 11 0 0 6 9 12 0,qQb09PdOD61ioPPdD9DbIil9iQQii1q1
38751,koiu,恋歌疾風！かるたクイーンいろは,ねこまんまチーム！,3 7 12 15 17 0 7 12 15 17,db6q6DlPd68bbQOOQ99OI1I9QD8PqDo8
38752,gany2,Ganymede -re:born-,"BEMANI Sound Team ""玄武 feat.二代目朱雀""",2 5 11 14 17 0 5 11 14 17,Dlo0PPibIoQbOI8I61O1DobQOIiDb11b
38753,badm,Bad Maniacs,kors k as teranoid,4 11 13 16 18 0 11 13 16 18,6O9O0ooOb8O8Q6D0ldqi1O8o6891Iq86
38754,fole,Four Leaves,Endorfin.,3 7 9 13 15 0 7 9 13 15,P1D0q8O1QblDOQP96QQolql9QII0i6Pb
38755,chpl,Chocolate Planet,Freezer feat.妃苺,3 8 12 16 17 0 8 12 16 17,0Pd8il0PQd80i1O01i1D9960IdqoQo01
38756,cove,COSMIC V3LOCITY,"BEMANI Sound Team ""Coyaan & KE!JU & ZAQUVA""",3 8 15 18 0 0 8 14 18 0,68oQQ8lO1qbi0qI8lbO60bP1098qOD88
38757,mvpp,MVP,PRIDASK,2 5 8 13 0 0 5 8 13 0,bD1P1l6dDPdl0b99lPl0llD9i9blQIi1
38758,konr,混乱少女♥そふらんちゃん!!,かめりあ feat. ななひら,5 10 13 17 18 0 10 13 17 18,Q9iiOo800blDqO0DDDPI1PIbl1lIidI1
38759,hitk,ハイテックトキオ,"lapix ∞ BEMANI Sound Team ""Sota Fujimori""",3 6 13 15 18 0 7 13 15 17,DOd9bIqddQ91qbQI1bdbbDi1lqPObo8l
38760,itit,1116,"BEMANI Sound Team ""Dustup""",4 8 13 16 18 0 8 13 16 18,006i1i6OOl1bPdql9ID8o6QQ6IIiqP0P
38761,saha,Sahara,Hommarju,4 8 12 15 0 0 8 12 15 0,qlQbI6dQ8i1iOO1oPbOoQ9b6ODII08Qb
38762,stvi,Steps for Victory,"kors k×nagomu tamaki×BEMANI Sound Team ""U1"" with taru",4 8 15 17 19 0 7 16 17 19,I0dOli6do1l1008I8PllOq8DoOoIO8oq
38763,ambo,Amazing Bomberman,TESSEI TOJO,2 5 10 14 0 0 4 9 14 0,lq6DqO1o99Q1OdbDPl9loO0P0O8d8loO
38764,dawm,Dance With Me,Yuki Shibasaki feat. Ai Takekawa,2 4 9 13 0 0 4 9 12 0,OIdoib69Di68bloq1bb0oblbb00l1P9Q
