song_id,basename,title,artist,diffLv,eamuse_id
38765,ware,我ら完全無敵のアイドル!!,B小町,2 4 9 12 15 0 4 9 12 15,IPq86q6iq6DP9IOPiiP090PoI0Qb0Io8
38766,tosu,トラウマ催眠少女さとり！,Covered by TOCORO十,5 9 12 14 0 0 9 11 15 0,Qqd8ObO96dIQ60808diOOqbdb6boQodO
38767,igak,イガク,原口沙輔 feat.重音テト,2 6 9 13 0 0 6 10 15 0,oQIO6Il1IboPPDb6oDql61oIob9l619q
38768,mtor,メテオラ-meteor-,森羅万象,2 7 12 16 0 0 7 12 16 0,QI8ID6bQ9Ql0IdqddI16OqPdib9OO1Do
38769,wiza,Wizards!,暁Records,3 7 10 15 0 0 7 11 15 0,lqd0I0Pbqo60I8iDOO88bbD1d9qlQ18O
38770,thst,THUNDERSTRIKE,BlackY feat. Risa Yuzuki,3 6 12 16 0 0 5 12 16 0,d0ll11iidiii09D9q81oo1Pq00oDbQ1i
38771,blan,blue anthem,OSTER project feat. 花たん,3 6 11 15 0 0 6 12 15 0,bO10Q9999DQ9DDP890lQbdlIlIl6IID9
38772,gitg,Get Into The Groove feat.WaMi,DÉ DÉ MOUSE,2 7 12 16 0 0 7 12 16 0,ODlO019O088Q0bl9QI1PPqQ01iD68191
38773,espr,ESPRIT ONE,SOUND HOLIC feat. STEVIE(44MAGNUM),3 7 13 16 0 0 7 13 16 0,Doo9l68ddi11PQOOd6o11Q9Dd1lIQ9I6
38774,mibm,Mighty Beat Monsterz,"nora2r feat. Liqo & DD""ナカタ""Metal",3 8 12 15 0 0 8 12 15 0,QID6qIPod8III8ll8ooQild1QdlPOIdi
38775,rabb,ラビットホール,DECO*27,3 6 10 15 0 0 6 10 15 0,ID8Q0oO98i0D0o1i0doIqo6O0O9QDO68
38776,mesm,メズマライザー,サツキ feat.初音ミク・重音テト,2 6 10 15 0 0 6 10 15 0,8DO8obP1b669b9QI6q01609bPOdd1o1b
38778,mrsk,ムラサキグルマ,ここなつ Produced by はるなば,3 7 11 15 0 0 7 11 15 0,I1i6li9l091l6ooqPlP91OlODPbqqo9P
38779,gale,Gale Rider,P*Light,4 8 13 16 0 0 8 13 17 0,0Ilqbl8q8Q6l6886Q9P9DOi69oIb1b1d
38780,holl,Hollywood Galaxy,dj TAKA,3 9 12 16 0 0 8 12 16 0,qdbod6lI0I8O118DPq80D8b0o00OodlI
38781,kata,カタルシスの月,日向美ビタースイーツ♪,3 7 10 13 0 0 6 10 13 0,6DibIbiiDlq1OiI6QOlPlO1loQOiDb1q
38782,roes,ロマンシングエスケープ,ここなつ2.0,2 6 9 12 15 0 5 9 12 14,91bPDIdqPbdOIQPP68Q6IP61Io980QlI
38783,gkrb,月光乱舞,P*Light,3 8 12 15 18 0 8 12 15 18,8D0OOb0bi90oi1Io9iIqqiI9110ll8I1
38784,suku,水槽のクジラ,テヅカ feat. 大西あみみ,2 6 10 13 0 0 6 10 13 0,Po8qD6i6io866qdQ00QbbO0i9I1qIO0O
38785,bigs,BIGソムタム,AJURIKA,3 6 11 16 17 0 6 11 16 17,66P0q8Ibddl9q669b6bD6Ood9IOQbDPI
38786,cuec,CUE CUE RESCUE,TORIENA,2 4 11 15 17 0 4 11 15 17,od0idqqoq6lb9qIo9iOblo6D8q18DQDb
38788,mzcn,ミカヅキ:コネクト,かゆき,3 7 11 15 18 0 7 11 15 18,8PIO18IQqIoODlD8866Dd0I0OD8lb9ol
38789,ojiy,O JIYA,ASMAT & emi,2 4 9 13 16 0 4 9 13 17,I98DbDO1OqIPD9Q608DqoO1I6Iqi1ddo
38790,sham,シャムシールの舞,Zektbach,3 6 10 15 0 0 5 10 15 0,i6bb1iQb8qObPd09dOlibbdqb91Q0OOb
38791,akao,朱と碧のランページ,NU-KO,3 6 11 14 0 0 6 11 14 0,d6Doi9oi600lP9lI9iiO8q68li8iOO8D
38798,kawi,可愛くてごめん,Covered by ちょぴん,2 6 9 12 0 0 5 9 12 0,O6ld8Oo6Dq6OO61dIl1iPqqPO8b0d9bd
38799,syou,唱,Covered by 滝沢玻琉,1 4 7 12 15 0 4 7 12 15,9qQP11666b9qO16QIQ0oQ8PPi01IIDQi
38800,chee,Cheerleader,Porter Robinson,2 6 9 13 15 0 6 9 13 15,8Q08qIiIOq0P66q90b0lI0PbP6lb9bOI
38801,knyo,Knock Yourself Out XD,Porter Robinson,2 5 11 13 0 0 6 11 13 0,iq001Pi8b699iil0b9IlqOqodI606q8P
38802,wwto,WOW WAR TONIGHT ～時には起こせよムーヴメント,Covered by uzumaki with Hommarju,3 6 9 12 0 0 5 9 12 0,09lOI9Ii1OD9b9bi9q0q1DQi668bO8qb
38803,yush,勇者,Covered by ぽめ,2 5 10 13 15 0 4 10 12 15,Od6ddPiQ9qD89loO9lQ86b96bl9DlP10
38804,ryum2,量子の海のリントヴルム (STARDOM Remix),かめりあ,3 7 11 15 17 0 7 12 15 17,9PO0qPdi1OQo68Qb09qdIOo6008QoIPq
38805,dopa2,ドーパミン (STARDOM Remix),ARM (IOSYS),2 8 12 15 17 0 8 12 15 17,Q8PqoP91qqI6I909IdQ098091q9q0i19
38806,loyo,Love You,"BEMANI Sound Team ""KE!JU""",2 6 10 12 0 0 6 10 12 0,D8o868di9DidPo98ibOdqbi98Ii869Qb
38807,sabm,Stand Alone Beat Masta,GUHROOVY,4 10 13 15 17 0 10 13 15 17,Dqb69lDiP6diId6O8Q0I6bbQI88lPlb0
38808,cobl,Couleur=Blanche,#FFFFFF,4 7 12 16 0 0 7 13 16 0,86q90PPqld0qili801IqDOD0Q6boblI1
38809,gaga,ギャ・ギャ・ギャ・ギャラクシー！,つきみぐー、,2 5 10 13 0 0 5 10 13 0,61iqiQDQiobb8Pbq8o9qoldq8PlIdbIb
38810,aoba,あおばの足音,駄菓子O型,2 7 11 14 0 0 7 12 14 0,PP0P9ilQb1o160O6O6PqQIl60oDi8Db6
38811,hhwn,悲報！ワイ！ニート！,Shu,3 7 12 15 0 0 7 12 15 0,ODIdIPOi6q6i0i6qDqODQ9qIbD0DQbqd
38812,kksy,覚悟せよ！エンタンメ～ン ～より身の切り売り自暴自棄版～,マキシウキョウ,4 7 11 14 0 0 7 11 14 0,dDqq9QbDDO8l6q8i1l91oQPbQD8Pqi0i
38813,mkss,明鏡止水,TOMOSUKE feat.あさき,4 10 13 15 0 0 9 13 15 0,0Q6I1llb809bd8i1oo86PQdlo6IQ8DQd
38814,miti,路男,Des-ROW・組ユナイテッド,3 9 13 15 0 0 9 12 16 0,0b96d606l9bdllQDi1Q89d1O0IPlIb69
38815,potk,ポチコの幸せな日常,NU-KO,4 7 12 15 0 0 8 12 14 0,8909Q00li66qQ906I9QoldIqbiIP1QoQ
38816,babe,BabeL ～Next Story～,Power Of Nature,3 7 9 14 17 0 8 10 14 17,IqPq866IQD0liq9lOl00qDqiPlq9bOD0
38817,ztrd,絶対零度,かねこちはる,5 9 14 17 0 0 9 14 17 0,i080lP1QqIiO998qPl888qboIiIDdiD1
38818,liag,Liar×Girl,"BEMANI Sound Team ""HuΣeR"" feat.ゆきまめ",3 6 11 14 0 0 6 10 14 0,blq0Oq8q6oi89odoPOqIDDQIPO11IQ9O
38819,arac,ARACHNE,MAX MAXIMIZER,3 8 12 16 0 0 8 12 16 0,98QDoo1I6dP8QoPiDQOdQ09Db80Il68q
38820,ebiv,EBONY & IVORY,OSTER project,4 8 12 16 0 0 8 12 16 0,00o6QPq0Qdl8IQolO80q6dD86696O6ob
38821,zatt,雑踏、僕らの街,Covered by taru,2 5 10 13 0 0 5 10 13 0,O91llDdDb1lbbPDbDoPQ09l0l68o9iQ1
38822,byon,Bye or not,PSYQUI feat. mikanzil,4 8 12 14 0 0 8 12 15 0,0P6PI0QP9b91QOlIibodd9IO90PbQO6I
38823,dais,Daisycutter,ETIA.,5 10 13 17 0 0 9 13 17 0,o1biqbO9i1IiObD0d1D8d8iqb6q86Qqi
38824,zend,ZENDEGI DANCE,"ARM × BEMANI Sound Team ""U1 overground""",4 9 12 15 0 0 8 12 15 0,0QOP6QqdlobOo9i8O6dOl8IdQl89P6PP
38825,sipp,疾風迅雷,KUMOKIRI,4 9 13 17 0 0 9 14 17 0,PdD1dlq1q00q8o9Il6IIqi61Il9DIo61
38826,expl,エクスプロウル,晴いちばん,2 7 12 15 0 0 7 12 15 0,0Od1iPb8QO8oDd9db9iq6iOP8DQ08I01
38827,eoth,EYE OF THE HEAVEN,"BEMANI Sound Team ""U1-ASAMi""",4 9 14 18 0 0 9 14 18 0,dDIbQIPo0PIoIP6lbbl8q9Q1Q8ib9P18
38828,icem,アイスクリームマジック,雪乃イト,3 5 10 13 0 0 5 10 13 0,6iqOPoP6lQi8ilD10o8ol11DQbqooOqP
38829,dddd2,打打打打打打打打打打 (にじさんじダンス部 ver.),長尾景 & 倉持めると & セラフ・ダズルガーデン,2 5 10 14 16 0 6 11 14 16,Iq6olol00o1q66l61QIDdl6biq8OoIoQ
38830,dind2,Din Don Dan (にじさんじダンス部 ver.),レイン・パターソン & 山神カルタ & 東堂コハク,1 3 9 12 16 0 3 9 12 16,Ob8Q19QldDliP6qddP1o1ODP91bd1oQl
38831,saip,Saiph,"BEMANI Sound Team ""Yvya""",5 9 12 16 18 0 9 12 16 18,i09oqb0o1boQdi1blIb1D08PlDI1o6lo
38834,houu2,鳳 (Five Flares Mix),"Remixed by BEMANI Sound Team ""Coyaan + U1""",6 10 14 16 18 0 10 14 16 18,Dbl69I9bO9qo6iidPbPPPD11boQPqi8q
38835,newm2,New Millennium Pt.2,Remixed by Zekk,3 7 10 14 17 0 7 10 14 17,dlbqIDqQiolDo6qdoQli6OO9lQolP6Iq
38836,murm2,murmur twins (guitar pop ver.),covered by 音乃瀬奏(ReGLOSS),3 7 11 14 0 0 7 11 14 0,OlQbP19IPDDDqDDO1bd0DII8IoqDo1QP
38837,akao2,朱と碧のランページ,covered by 儒烏風亭らでん(ReGLOSS),2 8 11 15 0 0 8 11 15 0,8IQIld8DI9OPD00dqio1lDQ1bq6Q6P6D
38838,rmrm2,リメンバーリメンバー,covered by 轟はじめ(ReGLOSS),2 7 10 12 0 0 7 10 13 0,8QoODoOldQ9Dodlb9I86liOb0lP010ql
38839,kjnf2,カジノファイヤーことみちゃん,covered by 一条莉々華(ReGLOSS),3 7 11 14 0 0 7 11 14 0,II1199iiDiido80Iq0Q199I1olq0l8i9
38840,shos,Shooting Star,ReGLOSS,2 7 11 14 0 0 7 11 14 0,QO86biQ6lDOb8I0oD0i90bqi1ooIIi0O
38841,mero,迷宮のロンド,"BEMANI Sound Team ""Captain KING""",3 6 12 15 18 0 6 12 15 18,DDlbDddPO8liioQ196P0I9090bDDPQ6Q
38842,toul,東方妖々夢 ULTIMATE MEDLEY,uma vs. モリモリあつし,5 10 12 16 18 0 10 12 16 18,6IDll6i6d8iII686qq6DddiI00iD8o9d
38843,antd,4NT1 D34D,N-Driver,2 5 11 15 0 0 5 10 15 0,08QQ8iPldb6o96bl0ld61qb99Q0Q19Qd
38844,ddda,Deadly Dolly Dance,Shiron,2 5 12 17 0 0 5 11 17 0,D90qii9D6P0POQ69Iiblib00Po1DIoi8
38847,renk,恋繋エピローグ,Amateras Records feat. KUMI(ヲタみん),3 7 10 13 0 0 7 10 13 0,PoO90Q6P0q9oOQ16i0P0l1iodOQP9o0O
38848,skdr,SkyDrive! (HASEKO EUROBEAT MIX),Amateras Records feat. 築山さえ,3 7 12 14 17 0 8 12 14 17,bPI6QobOQl9Q161l8l68069QdO1QbO9b
38849,sans2,チルノのパーフェクトさんすう学園,ビートまりお,3 7 12 15 17 0 7 12 15 17,8P1809bo8PoqQoqOQilPidOdobbo6iiO
38854,rodi,Roll the Dice,lapix,1 1 1 1 1 0 1 1 1 1,0i8idqoQ8lOIi6qOPO0DOOi8OlPq10D8
38870,hane,羽根亡き少女唄,純情ディスコード,1 1 1 1 0 0 1 1 1 0,dI0q9QdPOI1lq6888qI980dqll6dbqib
38871,ft2m,MODEL FT2 Miracle Version,Mutsuhiko Izumi,1 1 1 1 1 0 1 1 1 1,IdDblQIbq8Di9iOo61O0bQIIPqPQ16o8
