song_id,basename,title,artist,diffLv,eamuse_id
36876,thir,No.13,TAKA respect for J.S.B.,4 5 9 13 17 0 5 9 12 17,81qibDQqq8idiD1lQqq0qdqD6i6q1QDb
36877,dand,男々道,Des-ROW・組,3 4 7 12 16 0 4 8 10 16,POoldOddQl9Dbq8b6iOP0iPoQd6IdOPl
36878,kage,カゲロウ,Des-ROW・組スペシアルr,3 4 7 9 14 0 4 7 9 14,ql1Q8P100IIlbl0Pdi08I8qD900idqQq
36879,tika,チカラ,BeForU,4 5 8 10 0 0 4 9 13 0,I9iODl9bl1d8PilOilii9Dd19PP6QI66
36880,unde,Under the Sky,南さやか（BeForU）with platoniX,2 2 5 11 0 0 3 6 8 0,oiQliqIliq91Dl169ldqbb18OPblOb1i
36882,rara,rainbow rainbow,Ryu☆,4 4 7 10 14 0 4 7 11 14,0OQdlbo111ib1i88IdIPIbollD68Dii1
36883,braz,Brazilian Anthem,Berimbau '66,3 5 8 12 0 0 5 8 10 0,D0dI08oDqi11Oo819D6ob1dlDbPlIPl0
36884,taur,CENTAUR,Jimmy Weckl,4 6 9 12 0 0 6 9 12 0,bd8o99iPI9lqOl1Q8P68lbQOlo8Oq1qO
36885,tier,TIERRA BUENA,WILMA DE OLIVEIRA,3 4 8 10 0 0 4 7 11 0,idDdoI9bD186blQ9Q8610bIQqb86dilo
36886,sksk,Ska Ska No.3,亜熱帯マジ-SKA爆弾,3 3 7 12 0 0 4 8 10 0,idI1dd69l1il16P0d9DoldDP1QDP0911
36887,okor,怒れる大きな白い馬,Morning Blue Dragon,4 5 8 11 0 0 3 7 11 0,ibI0QllidqQ089ql8dob6bIoodbbIoqq
36888,murm,murmur twins,yu_tokiwa.djw,3 4 8 11 16 0 3 8 11 16,QQdIOi1Q81IqIoDqo80P0I1Q9qIdq1il
36889,flya,Fly away,ChiyoTia,3 4 7 11 0 0 3 8 11 0,d96OiPiOIboqI8o6PIDO8D9qPb9P18il
36890,inno,INNOCENCE OF SILENCE,nc ft NRG Factory,3 5 10 12 0 0 5 9 12 0,qDi0dIlObi6Q6P8dQ1b8oIb188O9608o
36891,myon,My Only Shining Star,NAOKI feat. Becky Lucinda,3 4 7 9 0 0 3 7 11 0,Io1661doQq6OQ8DoobPq1IQlbqoDD1q8
36892,flow,Flow,Scotty D. revisits U1,4 5 9 12 0 0 6 9 11 0,dDOdPQOqD6P68dIOl6O6I8q99Q6dd9Ob
36893,rbow,rainbow flyer,dj TAKA,3 4 6 11 0 0 3 7 11 0,qbDidIlodPP6PqI00D18P6dDbioIdDPD
36895,gate,Star Gate Heaven,SySF. feat. Donna Burke,3 3 7 10 0 0 3 8 11 0,QD0q90q9PIl9PdqqO9D9DO09DbiODOI6
36906,fasc,Fascination MAXX,100-200-400,6 11 13 17 18 0 10 13 17 18,O6llIdODQD6oDQ6QiPQDOlob9i8l6qib
36914,cach,cachaca,Mokky de Yah Yah's,2 3 7 12 0 0 4 9 11 0,DObld6O6OdblOo1di9dlP86DO909O6qI
36916,qmas,Quick Master,act deft,4 5 8 11 15 0 5 7 10 15,D01oOb0IOQ1bbIIdi88O0d80Qo9dblqP
36917,stop2,CAN'T STOP FALLIN' IN LOVE -super euro version-,NAOKI with Y&Co.,3 4 7 8 0 0 2 5 8 0,8IdP90DQDi9bqodPqDQIIqOqOO08PPio
36920,sedu2,SEDUCTION(Vocal Remix),NC feat. NRG Factory,3 6 9 12 0 0 6 8 12 0,PO1olqI8DiDiO0loDIIQ08oPd910bQbQ
36925,chao,CHAOS,DE-SIRE retunes,6 8 12 14 16 0 9 12 14 15,8o1iQPiId8P6Db9Iqo1Oo119QDoq8qQ8
36928,lab3,La Bamba,LH MUSIC CREATION,3 5 8 11 0 0 6 8 12 0,qbQ9I1bI6q91Q18DlDlI1Qdi8q6Qlo91
36931,tlov,TRUE♥LOVE,jun feat. Schanita,4 4 8 10 15 0 4 8 10 15,oD6l698q0bQqoIOi0Dd66bqObII8QqDl
36934,dvis,Healing-D-Vision,DE-STRAD,6 9 12 14 18 0 9 13 15 18,109P1iO9i6q1q0bdQobiodQDoD619dqd
36935,hana,華爛漫 -Flowers-,ＴЁЯＲＡ,3 6 8 11 14 0 5 8 11 14,6iq1dqQ1PDQlDO0bio0l89oDDDi6b0oD
36936,flow2,Flow (True Style),Scotty D. revisits U1,4 6 9 12 13 0 6 9 12 14,0D096II0i9l0doPlbPQbiPo1IQDDoOP0
36937,fasc2,Fascination ～eternal love mix～,2MB,9 11 13 16 18 0 10 13 17 17,8QbqP80q9PI8bbi0qOoiibOQD08OPdli
37120,flya2,Fly away -mix del matador-,Shawn the Horny Master feat. ChiyoTia,3 5 9 13 0 0 5 9 13 0,DQI8O1bD9Oi9i90i0DqqOqbll91IiQI1
37121,soul,SOUL CRASH,nc ft HARDCORE NATION,3 7 9 13 0 0 7 9 12 0,o1QoI9dQ1i89bPl1oDl6999861obD0qI
37122,gate2,Star Gate Heaven (FUTURE LOVE Mix),SySF. feat. Donna Burke,4 5 9 12 0 0 6 8 13 0,6I0d1d8d690dl8boOb60O1Iq1Ddi6P8d
37123,moos,MOONSTER,kobo uniting Marsha & D.,4 5 7 12 0 0 4 7 10 0,olOOdb66Q0bP0dqQPdIdQ8IPQql8D6bi
37124,flow3,Flow (Jammin' Ragga Mix),Scotty D. revisits U1,4 5 8 13 0 0 4 7 13 0,O111bDqd0oQ1O8IqiIDQq091l1IDO8oI
37125,felw,Feelings Won't Fade(Extend Trance Mix),SySF.,4 5 8 12 0 0 5 9 12 0,98PiPl8P0qlq8dd8P60Iq6dq899lbQDI
37126,silv,Silver Platform - I wanna get your heart -,U1 Reincarnates w/ Leah,4 5 7 11 13 0 4 8 11 13,bi1Obd9i99P0O9PqQ1l1P6P6o1IOi11P
37127,trim,Trim,kobo,5 6 10 16 0 0 6 10 15 0,POQQQqI8q69qP6Id8Ol01QI60OIoiil8
37187,fied,Electrified,SySF.,3 4 6 10 0 0 5 6 11 0,9d0oQdIolIb0Po9b06QOiOP60IQlb8qO
37188,mitr,Music In The Rhythm,nc ft. 触電,4 7 8 11 13 0 5 9 12 13,i11d86DOOdOb8Pbb1QqIilQI9Idib8PP
37189,mala,Malacca,nc ft NRG factory,3 4 7 10 13 0 5 7 9 13,1Q9l881P1bq8bQQ9OOqQ10OioP68bQ8o
37190,rasp,Raspberry♡Heart(English version),jun feat. PAULA TERRY,3 5 7 9 11 0 5 7 9 12,60qiDd000qDIobO0QI916i18bbolO919
37191,bloo,Bloody Tears(IIDX EDITION),DJ YOSHITAKA,4 5 6 11 0 0 5 7 11 0,oQ0bqIQ8DdPlilO000DQloOo6Od8IdQ6
37206,dazz,dazzle,kobo feat. kr:agué,2 4 8 10 0 0 4 8 10 0,DdIbd6Pbl910P6QOqD6iQI0l0b1qdI8q
37207,fway,Freeway Shuffle,dj TAKA,3 4 8 10 12 0 5 7 9 12,dd8PodO0ilIQQb0P0OQPDiodI9biP91d
37221,lshi,LOVE SHINE (Body Grooverz 2006 mix),W.W.S,3 7 12 16 0 0 5 11 15 0,8dDQIPOo681iID8IiibbD8IbIldI86P1
37222,bdow,BRE∀K DOWN! (World Version),ELE ROCKS,2 4 10 13 0 0 4 10 13 0,9OOIPiqDooPb1QQ900QODl60dqbP8Dib
37223,spar,1998 (Sparky 2006),J-RAVERS,2 6 11 14 0 0 8 11 14 0,dPb99qdqOQ1ioQ9Dqb1I9Q1bI0l0POII
37224,cufo,CANDY (UFO mix),The Sweetest,2 6 10 15 0 0 6 11 15 0,1idPoQOiI8611P01Oddo1D19lQO8dQdl
37225,acol,B4U (The Acolyte mix),J-RAVERS,2 4 9 13 0 0 4 9 13 0,01lbO69qQiP691ll6DIiqPbIdd9O806o
37226,conf,Confession,trance star,2 4 7 12 14 0 4 7 12 14,i19IOi90Dq90ll989iIdOP9diodqi968
37228,will,will,NAOKI,2 4 7 11 0 0 5 7 11 0,d6iI8ii9qi0Pi80dDQQlPq6qQo69860P
37229,lits,little steps,Freeman,3 6 11 15 0 0 6 11 15 0,Q8iOiOPbl1lI6D6bbib8Il8lPqlIl1b9
37231,ifly,I'm Flying Away,Stepper,2 5 8 12 0 0 5 8 12 0,OiDP81OQD0I810I89qdqIiDDP6i9qO0q
37232,wwlt,We Will Live Together,Happy CoreMAN,2 5 10 14 0 0 5 10 14 0,I8Odid0QlODlOilqdllqlQldq996QQbP
37233,hand,Heavens and the Earth,The Lonely Hearts,2 5 7 11 0 0 5 8 11 0,dqbd8PD01bI8qlQ1QQ9iP896P88D1O1o
37234,ngon,Moving On,J.J. Pops,1 3 7 11 0 0 3 7 11 0,9lO9do19O1I9dbiPi8q9OdqdiOoQ8PQQ
37236,tbea,the beat,Sparky,4 8 11 14 0 0 8 11 14 0,i1ibID6lOoiPQ1lli86P9lIIqOoDlldQ
37237,bins,Beautiful Inside (Cube::Hard Mix),NM feat. Alison Wade,3 5 7 10 0 0 4 7 11 0,d0IiI99IlI00lq606l68qOIl8PidiOlO
37238,mwit,Mess With My Emotions,Latenighter,1 3 9 12 0 0 2 9 12 0,8D9D6ld0bP9bP119OIlQI9ol919IDD86
37239,trea,THE REASON,Black Rose Garden,3 4 7 12 15 0 4 7 12 15,1iIoi89doDiQoo8o0ddl9PQdQP0Ili8O
37240,samu,SUPER SAMURAI,jun,4 8 12 15 0 0 8 12 16 0,PDODO6Qdb9iqd6q0QoI0PiI0lb8l9I6d
37241,ucha,Such A Feeling,U1,3 6 11 14 0 0 6 11 14 0,6o6OObQo9oQl6Q1oq6OPqibQI61IlPq8
37242,tigh,Hold Tight,800 slopes,1 3 8 12 0 0 3 8 12 0,Q910dl1olqQ9qdO6q1q1O9Pq9b80lP6P
37251,ngoo,NGO,鍋嶋圭一,6 10 12 15 18 0 10 11 16 17,iP6qIl6lD809098io0OiPP08Ii18I6OI
37254,firr,FIRE,泉 陸奥彦,4 5 8 11 0 0 4 8 12 0,PlqI9Q1I6qdqb0IolOl1qP0bOQP0ibPP
37255,unre,Unreal,Black Rose Garden,4 8 12 15 17 0 8 12 14 17,olQl6Qoi0IbobI980q9Q0QIo9qlbq1PO
37256,stah,STARS☆☆☆（Re-tuned by HΛL） - DDR EDITION -,ＴЁЯＲＡ,3 5 10 9 0 0 6 9 10 0,bq1O60D90Qbb6iPoi90Ii9olQOIO0Ib1
37264,vate,CaptivAte～誓い～,DJ YOSHITAKA feat.A/I,4 5 8 13 0 0 5 8 13 0,Iqo9PQiPbq8Q0I6io6lPIDi608lQqbbq
37265,venu,Venus,Tatsh+RayZY,3 4 7 11 13 0 4 6 10 13,6bIODbPoIDlOdO66b1id0q68qdQilDd6
37266,blin,"Blind Justice ～Torn souls, Hurt Faiths ～",Zektbach,3 5 8 12 17 0 5 8 12 17,PP9QDQ0IQQID00P61d8qdDdP09b19iiI
37267,athi,A thing called LOVE,D-crew 2 US,3 4 7 10 0 0 5 7 11 0,O0O1lPoIIIQ9lbOi90odI0Di80qq16lo
37269,uber,Übertreffen,TAKA respect for J.S.B.,3 6 8 13 18 0 5 8 14 18,1oIo1DliQqPol00Q1l1bPODbdOilodod
37270,arra,Arrabbiata,Reven-G改,5 11 13 15 0 0 12 14 16 0,6bdDP91o1II60Qo99D60QI81o6oPlI80
37273,trix,TRIP MACHINE PhoeniX,DE-SIRE改,3 8 12 15 15 0 8 12 16 16,b0QQ6OPD1dDqQ6D6IDQqlDd180Db609I
37274,vemb,Vem brincar,Caldeira feat.Téka Penteriche,2 5 7 11 0 0 5 7 11 0,o6I06bPq8dqIlllbQDPP8boqdq6iQ8Qb
37276,dofl,dream of love,Kaori Nishina,3 3 6 8 0 0 5 7 8 0,ii119ll8dOQ8IQqi1IOP1o8DIQbqo8Pi
37277,volc,volcano,Yasuhiro Abe,4 5 8 13 0 0 5 8 13 0,8idID0Pq0O68Qb0Q69P6IDldqI91qi1O
37278,eday,"Every Day, Every Night(NM STYLE)",LEA DROP feat. Ant Johnston,3 4 6 9 0 0 4 7 10 0,61Q6Q8OOiiQIbIi0l6l10qQ0Ii8P0Qb6
37279,plut,Pluto,Black∞Hole,6 9 12 14 16 0 9 13 14 17,dD6PqbboDil89DPIID86Pldi6obI1b8l
37281,pard,PARANOiA ～HADES～,αTYPE-300,7 11 15 16 18 0 12 15 17 18,io1d1Dq80Di08O1Pb9bQ8DoP9d9Ooi90
37282,swit,switch,DAISUKE ASAKURA ex.TЁЯRA,3 4 7 10 0 0 5 7 10 0,9bo00PqOIDoDbO6P1116b9obolOiqPo1
37283,alth,stealth,DAISUKE ASAKURA,3 5 8 11 0 0 5 8 11 0,b0DP0oqbid0iIQ6D88dDIiiDiq9oi19Q
37287,trus,Trust -DanceDanceRevolution mix-,Tatsh feat. ヨーコ,3 5 8 10 0 0 4 8 11 0,ddD8OPQoIiQi0IbDOIIdQ6dDDbPQ9bIO
37288,plur,Pluto Relinquish,2MB,5 12 14 17 18 0 12 14 18 18,0IldoDlDQql99DqQo0Qq9ioPIiiPoIoi
37289,lamd,L'amour et la liberté(Darwin & DJ Silver remix),NAOKI in the MERCURE,3 4 7 11 0 0 4 7 12 0,ddib8P601q0Oqdb0Pl8oqobq9DD608P1
37290,votu,Votum stellarum -forest #25 DDR RMX-,iconoclasm,2 5 9 12 0 0 5 7 12 0,PqPPDibPdD8qd88D0d01dqo6918b0POD
37293,uran,Uranus,Tatsh SN 2 Style,3 6 9 11 13 0 6 9 11 13,0b1660ibo0liI01ibOO6lD8olIb88qDi
37294,mars,MARS WAR 3,JET GIRL SPIN,3 4 8 11 0 0 4 10 13 0,oOdl0d1IOo0bd008DOl91606Pd0PP86d
37295,whyn,Why not,Darwin,4 6 9 11 0 0 7 8 11 0,dbq9dPPOQ60ibOol0I6b9iQol9lD669D
37296,shad,Shades of Grey,Fracus,3 5 8 10 0 0 5 7 10 0,qo6Ib8QqqDd16i91d8dlQoqIq08bo68d
37297,gili,GIRIGILI門前雀羅,Cheki-ROWS,4 5 7 12 0 0 5 8 12 0,b8dqI0Iq60iQPPobiiQ8O6PiIqdodDiQ
37298,pose,Poseidon,NAOKI underground,3 5 9 11 0 0 6 9 11 0,1PiiOiQoq8dbdi819q9Ild966o6o19QQ
37299,bris,"BRILLIANT 2U (""STREAM"" Special)",NAOKI,0 0 0 0 13 0 0 0 0 13,d11l6160iiP1bDbQPQl0Pi8lddlld80i
37300,amch,"AM-3P (""CHAOS"" Special)",KTz,0 0 0 0 14 0 0 0 0 13,Oo91QPdQDd1Od1oQI6IIldbQ1lQ88bO0
37301,dtwf,"D2R (""FREEZE"" Special)",NAOKI,0 0 0 0 12 0 0 0 0 12,1O9P1DqQQqObOQPP6Il989qDqi0bQ8Qb
37302,dyns,"DYNAMITE RAVE (""AIR"" Special)",NAOKI,0 0 0 0 8 0 0 0 0 9,dd8loQPD0I86DiIql8b8o9qbO8l0d9Q9
37303,bfov,"B4U (""VOLTAGE"" Special)",NAOKI,0 0 0 0 14 0 0 0 0 15,6boDb6Pdd6QDP1oPdlQ0Qo1ld0lQb6P6
37304,deag,"DEAD END (""GROOVE RADAR"" Special)",N & S,0 0 0 0 18 0 0 0 0 18,PooiIP8qP0IPd9D1Ibi6l9bDoqdi9P8O
37306,sunk,SUNKiSS♥DROP,jun with Alison,3 5 8 12 12 0 4 7 11 12,61IoqIoODb6dlQlQqd99b90idO9QP9iI
