song_id,basename,title,artist,diffLv,eamuse_id
38433,movw,MOVE! (We Keep It Movin'),"Jonny Dynamite!,Lisa - paint with stars -,Rio Hiiragi by BEMANI Sound Team ""U1-ASAMi""",3 7 10 13 0 0 7 10 12 0,19old9dq1q9DilPQDol88d19dI96blb6
38434,roki,ロキ(w/緒方恵美),神田沙也加,2 5 9 12 0 0 5 9 12 0,1qPbqd11l6b8ibq1ODQ6di90PIo0D618
38435,itet,鋳鉄の檻,"小寺可南子,ランコ,SARAH by BEMANI Sound Team ""Yvya""",4 7 10 13 0 0 7 10 14 0,Odb0b0ld6P80b8b6QD0IIO866iq8OQ0b
38436,suse,スーパー戦湯ババンバーン,"すわひでお,秋成,かぼちゃ,藍月なくる,NU-KO by BEMANI Sound Team ""八戸亀生羅""",4 7 11 14 17 0 7 11 14 17,boqo0IoO8DodOl99Q8P8qOi8PqDq11b1
38437,liva,LIKE A VAMPIRE,"koyomi,星野奏子 by BEMANI Sound Team ""TAKA""",3 7 10 13 0 0 7 10 13 0,ooiqoi6Q0dil6b10QOq8DiOIiq9iQb10
38438,glgl,Globe Glitter,"Sana,ATSUMI UEDA by BEMANI Sound Team ""PON""",4 8 11 15 0 0 8 11 15 0,lilO9P0i1dlOl1PI6dQbiob1iP0dliOQ
38439,yume,ユメブキ,"紫崎 雪,Risa Yuzuki,709sec. by BEMANI Sound Team ""PHQUASE & SYUNN""",4 8 12 15 0 0 8 12 15 0,IPid909iDid06d68IDo816OqbdQq8O0O
38440,siru,シル・ヴ・プレジデント,P丸様。,2 4 8 12 14 0 4 8 12 14,o1d0DDobPPPlq0l8Qli1d6ODI8ldo1qb
38441,trcr,Triple Cross,"BEMANI Sound Team ""dj TAKA & DJ YOSHITAKA & SYUNN""",7 9 13 17 0 0 8 13 17 0,IQqi9Q9qD0DDQIqQOb868QIOioqDqI01
38442,syak2,灼熱 Pt.2 Long Train Running,DJ Mass MAD Izm*,3 8 13 16 18 0 8 13 16 18,l0OPoQ1O8q8DPDo0Iol6qD6DiIqdD9P9
38443,swcl,Sweet Clock,あるふぁ,3 6 8 12 0 0 6 8 12 0,I0DDidl0PIo6bO6o8I08Q1Pq89IdP6Pb
38444,pupu,Pump Pump Pump,kors k,2 6 11 15 0 0 6 11 15 0,bI0oqdIDPPi8dDqlOO1Ii8qDQb1lq88o
38445,lasu,Last Summer,"BEMANI Sound Team ""Monolith vs. Nautilus""",2 5 10 12 0 0 5 10 12 0,iOl86b6I00IP9Q9I881oq9qOIDPqqDoO
38446,stgo,STAY GOLD,Yuta Imai,5 9 12 16 0 0 9 12 16 0,989od088q99DPIIq6IQidI1IQ1qQOlb6
38447,nopl,ノープラン・デイズ,TORIENA,3 9 12 16 0 0 9 12 16 0,Oq8ID68oq16I9QP9bio0ibD6PQiDbqqI
38448,shid,Shout It Out,G-T-R,4 9 12 15 0 0 9 12 14 0,9ldQqb9oqi60Q80iob61OiQbbDO6PID9
38449,blak,BLAKE,A.T.park,3 7 11 14 0 0 7 11 14 0,b0dIdlPD6IDQ000l6lIoO9oD1IQiqQ6I
38450,typh,TYPHØN,BlackY,5 10 14 17 0 0 10 14 17 0,i0Q0o98q0DqbbiDd6966QIIoddlob6lI
38451,lmsy,Let Me Show You,Whac-A-Me,3 7 11 15 0 0 7 11 15 0,99llllDoOQqlo68o089PPlO1oiq06d1D
38452,gtit,Get it,Dubscribe,3 7 12 16 0 0 7 12 17 0,lb969IOOoI06P18PPq81o1lPD1b1OqqI
38453,cbmf,Come Back to Me (Feel It),Dominant Space,3 7 10 14 0 0 7 10 14 0,qi0lbbDIo8Qlo9IiD8oqqo69DIPQ1IIO
38454,drmh,♡Drive My Heart♡,CHEAP CREAM,2 5 8 13 0 0 5 8 13 0,DqioIqbiolQ0lQlo19idi96Obi6DDl9D
38455,telp,Teleportation,Tatsunoshin,4 8 12 15 0 0 8 12 15 0,0DDIQOo6Pl9961I8OiOb1i0OODDPlldl
38456,liks,Like A Star,nora2r feat. 和鳴るせ,4 7 12 14 0 0 7 12 14 0,691bdoD0DIP6di9D6QoPiDbD19Ol0lqi
38457,gsun,Good Sound United,Hommarju,5 9 13 16 0 0 9 13 16 0,0iII09bDqIbOQDDoo8lO8DOOQdiP1Iob
38458,lmkn,Let Me Know,ZEOL,4 7 11 15 0 0 7 11 15 0,IOb6Qdi861O00I8q969bDdd60I6I89oI
38459,pers,PERSIAN LAND,FLOXYTEK,4 7 12 15 0 0 7 12 15 0,8o08l8DPiO01dlo1OI8DqQDq9lQ1bPq1
38460,surf,Surface,Stessie,1 4 9 12 0 0 4 9 12 0,9qO16DoQPDODQI6IPD0lPD10b88Qqi1i
38461,anan,ANTI ANTHEM,"BEMANI Sound Team ""ZAQUVA""",5 9 13 15 0 0 9 12 16 0,1q6Qoi0lldP6qoQI9PI199d6P0Q96ld0
38462,aiai,AI,"BEMANI Sound Team ""Sota F.""",5 9 12 16 0 0 10 12 15 0,OO1O10bDI6OP0O1OlOlI6qQDiPIdidbO
38463,unry,Unreality,sky_delta,2 6 11 14 16 0 6 11 14 17,boDqoIDqDlP1io6bQ0O10diDbbqOD96I
38464,geyw,Get Your Wish,WATARU,3 6 9 14 0 0 5 9 14 0,8O9o9OPPdd1Db6996P99bq9oQI66P88o
38465,antm,Anthurium,BlackY feat. Risa Yuzuki,4 6 10 13 0 0 6 10 13 0,oDiqd818i0IPPoIOddbb8DQiQqqqo098
38466,hotu,ほしのつくりかた,D-wacrew,3 6 10 14 0 0 5 10 13 0,IdlqO9DoOq0qPQdDbOb80dOPDlb98l0l
38467,mono,モノクロモーメント,"BEMANI Sound Team ""TAG""",3 7 11 14 0 0 6 11 14 0,10IOllioqPoOQ668PQqolDPiib0iIQql
38468,envi,Environ [De-SYNC] (feat. lythe),DV-i,4 9 12 15 0 0 9 12 15 0,1PQiP6D6IqP016dqb8qPq86Q1o8bQq6q
38481,aftm,Aftermath,"BEMANI Sound Team ""猫叉Master & あさき & Yvya""",5 9 12 16 0 0 9 12 16 0,9IQoPbOidod8I0qQ989Ql60D09I99q1Q
38485,papo,パピポペピプペパ,P*Light,4 6 11 15 0 0 6 11 15 0,19Q9lQId91d9l8o09oI81OQqPd00dQ69
38486,daph,Dance Phenomena,"BEMANI Sound Team ""Captain KING""",3 5 10 12 0 0 5 10 12 0,oQ91qO6Dii66bO69I9ooIQD101Dl68Qi
38487,wadi,私をディスコに連れてって TOKYO,U1 vs U1 overground,3 9 11 14 0 0 9 11 14 0,6l1l8D006lD8OoOi91QI0b10d19Did1O
38488,jetg,jet coaster☆girl,TOMOSUKE feat. Three Berry Icecream,3 6 11 13 0 0 6 10 13 0,66b1Pibq019dqbdPOdlqDbdbbDdi9Q08
38489,schw,SCHWARZSCHILD FIELD,L.E.D.,5 10 13 16 0 0 10 13 16 0,iq9qPoPlIlbIDqlD81DqO1110QI1qoOl
38490,teca,テレキャスタービーボーイ,すりぃ feat.鏡音レン,2 5 9 12 0 0 6 9 12 0,dbod1o098DoibO0PoiPIiQ11Pdlqdoo9
38492,fleu,Fleur,"BEMANI Sound Team ""Akhuta Works""",4 9 12 16 0 0 9 12 16 0,iOql19lQibIoo1bObo0Q1DqQ9qOqI0oq
38493,deet,Deep tenDon Reflex,"BEMANI Sound Team ""Coyaan""",3 7 11 15 17 0 7 11 15 17,1IQ16dPQPQ0Q1qdidld6lO1o86q98o69
38494,coco,concon,S-C-U,3 7 12 14 0 0 7 12 14 0,OqQ68Ooiqi80891QIPoioib11qdl0l9b
38495,vall,VALLIS-NERIA,DJ YOSHITAKA,5 9 13 16 0 0 9 13 16 0,q8o866OdqqDPOQdO88D1DOdbqQo1q8Q1
38496,wuvu,Wuv U,kors k,3 7 10 14 0 0 7 10 14 0,6DPiPD9qDboDlP8qq61Q89qPP0dIO0OI
38497,ysim,ヤサイマシ☆ニンニクアブラオオメ,azuma feat. ななひら,2 6 12 15 0 0 5 12 14 0,IQ9ddqDqq908QqQl196DQODQD9Q6oOiQ
38501,newm,New Millennium,"BEMANI Sound Team ""Sota F.""",6 12 15 17 18 0 12 15 17 18,q96q9D9oIIOQl8QQ60ii19P0Dbq8Q609
38502,perd,perditus†paradisus,iconoclasm,4 8 14 17 0 0 8 14 17 0,OPbd0ldd89Ddll690qiObDld9oDdPdOi
38506,kyoh,共犯ヘヴンズコード,D-Evoke（与那嶺雅人/小日向翔）,2 4 10 13 0 0 5 11 14 0,8I090lbOOOP90O01bDbi0Qo0OPldIdP6
38507,sayh,サヨナラ・ヘヴン,猫叉Master,1 3 9 13 0 0 3 9 13 0,lO08lblo68qbdPq0dIlIqqdiiOq900Pb
38508,conc,Concertino in Blue,佐々木博史,3 5 12 16 0 0 5 12 16 0,qoD0olPq6qbOi6bbPllOib0q1i16iI1O
38509,grme,GRADIUS REMIX（↑↑↓↓←→←→BA Ver.),TOKYO MACHINE,2 6 8 12 0 0 6 8 12 0,ob0P66Q8dqbI81qi6OQDPP6086iPoO1P
38510,ueue,↑↑↓↓←→←→BA,meiyo,4 6 11 12 0 0 6 11 12 0,8ooI09QP161IqI00IdPOD1QdDd8oDod9
38511,belu,Beluga,"BEMANI Sound Team ""S-C-U""",1 4 7 11 0 0 4 7 11 0,DqoQD9iDodq9Iq108l119OQ1olOPi6D1
38512,wopl,Worst Plan,"BEMANI Sound Team ""SYUNN""",4 7 12 15 0 0 7 12 15 0,1lqii0IibdbPD19P6DiIl0Id9do6qqd1
38513,qwer,Qwerty,"BEMANI Sound Team ""Yvya""",2 6 10 14 0 0 6 10 14 0,6ibO1P1I1ooDdd9l1oDOqDDdOlO9o6io
38514,ster,stellar rain,"BEMANI Sound Team ""PHQUASE""",1 5 8 13 0 0 5 8 13 0,boO8d11P8o6l89i81i1i1IdPlP109QoQ
38515,ayma,アユミ☆マジカルショータイム,キノシタ feat.音街ウナ,2 5 9 13 0 0 5 9 13 0,PDoiQoi9q08PQ96Pl6oD9IIi6iq0Q6D6
38516,usty,ウサテイ,ビートまりお(COOL&CREATE),4 8 11 14 17 0 7 11 14 17,9oIO98IPOiq1idiIIbOOqdDQIOdQPPd6
38517,warn,WARNING×WARNING×WARNING,暁Records,3 6 10 13 17 0 6 10 13 17,I0091lboOD1Dii10dQ0qbDqil69PQ0io
38518,kanb,患部で止まってすぐ溶ける～狂気の優曇華院,ARM(IOSYS),3 8 11 14 17 0 8 11 14 18,6OIoOPDb9iI8i1Do9qQ96Q0ddOdd6q9i
38519,debu,Debug Dance,lapix,3 8 11 15 0 0 8 11 15 0,dQdo08Qb6bOPIl8686DPDd60I1oqidIP
38520,leda,Let's DANCE aROUND!!,kors k feat.Jaejun by NuevoStudio,3 7 11 14 17 0 7 11 14 16,ddqQ801q1lIdIooDiq66qPil1oD0611I
38521,mega,MEGALOVANIA,Toby Fox,4 9 12 16 18 0 9 12 16 18,PddldblI909IqI8PPiQIo9lIIiQdDo1l
38522,mana,MANA,DJ YOSHITAKA,3 7 11 15 0 0 7 11 15 0,ibOId89QQPI6dli9I6PO09Qo86686O6i
38523,lien,リリーゼと炎龍レーヴァテイン,黒猫ダンジョン,4 8 13 16 18 0 8 13 16 18,IidO8qlodqdoioodqqb9Dqiq991Ilo10
38524,dual,DUAL STRIKER,"Mayumi Morinaga,Fernweh by BEMANI Sound Team ""L.E.D. & HuΣeR""",7 9 13 17 0 0 9 13 17 0,9b60DI1OQddDI6D9D1qPoDPODD19Db8d
38525,matr,MA・TSU・RI,"かなたん,アマギセーラ,ぁゅ by BEMANI Sound Team ""藤森崇多""",3 7 10 13 0 0 7 10 13 0,qIIDP8iPlII9qlOQIIol0i81b0d68qo8
38526,chum,チュッチュ♪マチュピチュ,"ななひら,Nana Takahashi,猫体質 by BEMANI Sound Team ""劇ダンサーレコード""",3 7 11 14 0 0 6 11 14 0,OoQiq8OiPbIPI80OqOlliP661bOIDd9o
38527,muba,斑咲花,"mami,駄々子 by BEMANI Sound Team ""Akhuta Works""",3 7 12 16 0 0 7 12 15 0,I86OI9lQ1qQ66dPDlddo8PoPo01PO66i
38528,losy,Lose Your Sense,ZxNX,6 9 13 17 18 0 9 13 17 18,b1QllqO8oQdqo086QdIlIblDDbPodDoP
38529,spad,Sparkle Dreams,PIKASONIC,3 8 13 17 0 0 7 13 17 0,o89biodIl0Oo1bQqll86QDi0oQQd61Db
38530,abil,Ability,Stessie,2 5 11 16 0 0 5 11 16 0,iQ9qQ8Iob108iPD9D0bdoIol0d81IOdo
38531,ravi,Rave in the Shell,yadosan,3 7 12 16 0 0 7 12 16 0,PIl8P90Pll19Pido608olD61QIqq0b9d
38532,takh,TAKE ME HIGHER,DJ Shimamura,4 8 13 16 0 0 8 13 16 0,PoiPd1OP1q9I9IP00PDlI1Q09QQ9b16o
38533,gr04,GROOVE 04,android52,4 8 11 16 0 0 8 11 16 0,lOOo9bPb09dIOb6Po19bqqbqOlb8Dq0i
38534,saeu,SURVIVAL AT THE END OF THE UNIVERSE,Akira Complex,5 9 14 16 17 0 9 14 17 18,iq6b9lP6qQQIOIPQDdPD8ld1o9891Pq9
38535,noal,Not Alone,Odyssey Eurobeat,3 7 13 16 0 0 8 13 16 0,i6bIQ6D0P09olqbOiP8I919006DdII1P
38536,sect,Sector,RYOQUCHA,5 8 12 16 0 0 8 12 16 0,O6q9qPQ1q69ddPl6DPO0bQO6989QO1ii
38537,jdan,Jungle Dance,NATSUMI,3 7 12 16 0 0 7 12 16 0,iQi8Oool866oDQ6i660o88b86689QiOb
38538,rena2,恋愛観測 -2021真夏のエンディング ver.-,2021真夏のSingers,3 8 12 14 0 0 8 12 14 0,bqoboI0o8lIObPPdqq8lDDdI8b1QPDb1
38539,glac,glacia,DJ TOTTO,4 9 14 16 0 0 9 14 16 0,1IIiOQiliQ8b1dbo9D6D9PlODqIPOOb8
38540,mgar,Megalara Garuda,SYUNN,5 9 16 17 18 0 9 16 17 18,O9Odqd8qiQiOqQdOOq01D8OQlOiO1iPD
38541,wowi,Wowie Zowie!,Hommarju,2 6 10 14 0 0 6 10 14 0,6b6QIoDPoQ010o8Di1q6Q8DdiQll0Di1
38542,naho,ナナホシ,S-C-U,2 6 11 15 0 0 6 11 15 0,Do06Q18olQo0bloll9919olDQ8lDoqbd
38543,albi,ALBIDA,DJ YOSHITAKA,3 9 13 16 0 0 9 13 16 0,Io196q006I86IllQPOb098qd1DQd60Oq
38544,glfl,Glitter Flatter Scatter,Project B-,6 9 14 17 0 0 9 14 17 0,06lOillb6id0Dib9o1b06iPblqPl61PI
38545,tola,Too Late Snow,movies (moimoi × Xceon × Dai.),2 5 10 13 0 0 5 10 13 0,IDqoidbllIb0bQQb8dQ1QqP91Q8li9P0
38546,ryum,量子の海のリントヴルム,黒猫ダンジョン,4 10 14 17 18 0 9 13 17 18,dPI9loII89Q6P6iD6Ioo1iiI880DI1Dd
38547,gerb,GERBERA,"BEMANI Sound Team ""TAG""",4 9 14 17 0 0 9 15 17 0,bd8OODli0POo9bOq6i0oIPdIlbDlI910
38548,blem,Black Emperor,黒魔,5 9 14 17 18 0 9 14 17 18,9dI8ilPi9bd9blI6Q8D6IPb1lblqDl1Q
38552,king,KING,Kanaria,2 8 13 16 0 0 8 13 16 0,O8lq1l6qIi6I9l69IOPdoI6lbiodQOP6
38553,yoid,酔いどれ知らず,Kanaria,1 3 9 13 0 0 3 9 13 0,IqibilD8QI9idP60P8o9ob0lqblQD89P
38554,akib,THE ANCIENT KING IS BACK,"BEMANI Sound Team ""L.E.D.-G""",3 7 11 14 0 0 7 11 15 0,IlP88I0bbl91iOD6OQ6o6PPb9o6dlDb8
38555,eape,Easy Peasy,"BEMANI Sound Team ""SYUNN""",2 4 10 14 0 0 5 10 14 0,iiIblq9IDiOill8qdI68OOIPq6OPdiDo
38556,yyyo,You You You,D.watt feat. 紡音れい,3 6 10 13 0 0 6 10 13 0,oilPP86l0PPq6Db0qqibQlqDiIOD0l1O
38557,pref,Prettiful!,BlackY,2 5 10 15 0 0 4 10 15 0,88Qq96qbdd69bqI089600l9bDDdiQI0l
